overall,aroma,appearance,palate,taste,alchohol,beer_id
4,3,3.5,3.5,4,4.4,23328
4,3.5,3,4,4,4.4,23328
4,4,3.5,4,3.5,4.4,23328
4,3.5,4,4,4,4.4,23328
4,3.5,4,3.5,4,5.2,39007
4.5,3,3,3,3,4.19,45132
3,3,4,4,3.5,4.19,45132
4,3.5,3.5,4,3.5,4.19,45132
3.5,3.5,3,3,4,4.19,45132
3.5,3,4,3.5,3,4.19,45132
4.5,4,4,4,4,4.19,45132
4,3,4,3.5,3.5,4.19,45132
3,3,4,4,3,4.19,45132
4,3,3.5,2.5,3,4.19,45132
4,3.5,3.5,3.5,3.5,4.19,45132
3.5,2.5,3.5,3,3,4.19,45132
3,2.5,3,3,2.5,4.19,45132
4,3,3.5,3,3.5,4.19,45132
5,4,3.5,4.5,4.5,4.19,45132
3,2.5,3,3,3,4.19,45132
4,3,4,3.5,4.5,5,20505
4.5,4.5,4,5,5,5.4,46249
3,2.5,3,2.5,2,5.4,46249
3,3.5,3,3,3.5,NA,44875
5,4.5,5,4.5,5,NA,44875
4,3.5,4,4,4,4.19,1121
1.5,3.5,3,2,1.5,NA,20274
3,3,3,2.5,3,NA,20274
4,4,4,4,4,4.19,1121
3,3.5,3.5,2.5,3,4.19,1121
3,3,4,2,3,3.9,20817
4,4,4,4,4,3.9,20817
4.5,3,3.5,3.5,3.5,3.9,20817
4,3.5,3.5,3.5,3.5,3.9,20817
3,3.5,3.5,3,3,3.9,20817
3.5,3,3,2.5,3,3.9,20817
3,3,3,3,3,3.9,20817
4.5,3.5,3.5,3,3.5,3.9,20817
3.5,2.5,3,4,3,3.9,20817
5,4,4,4,4.5,3.9,20817
2,2.5,2,2.5,2.5,3.9,20817
4,3,2,2.5,3,3.9,20817
4.5,3.5,4,3,4,3.9,20817
1,1.5,1,1,1,3.9,20817
4,3,3.5,3,3.5,5,35064
4,3.5,3,4,3.5,5,35064
4,4,3,3,4.5,5,35064
4,3.5,4,4,3.5,5,35064
5,3,4,4.5,4,5,35064
4,3.5,3,3.5,4,5,35064
3,3.5,3,3,4,5,35064
4.5,4,4,4,4,5,35064
3,3,4,2.5,3.5,5,35064
4,3.5,4,3.5,4,5,35064
2.5,2,1.5,2.5,2.5,5,35064
3.5,3,3.5,4,3.5,5,35064
3,2.5,2.5,2.5,2.5,5,35064
4,3.5,3.5,3,3.5,5,61474
4,3,3,3,3,5,5181
2.5,3.5,3.5,2.5,2.5,5,5181
4.5,4.5,4.5,4,4.5,5.7,10786
3,4,3.5,3,4,5.7,10786
3.5,3.5,3.5,3.5,3.5,5.7,10786
4,4,4,4,4,5.7,10786
4.5,4.5,4,4,4.5,5.7,10786
4,4,4,4,4,5.7,10786
4,4,3,3.5,4,5.7,10786
4,4,4,4.5,4.5,5.7,10786
4.5,4.5,3.5,4,4,5.7,10786
4,4.5,4.5,4,4,5.7,10786
4,4,4,4,4.5,5.4,10785
4,4,4,4,4,5.6,23290
4,4.5,4,4.5,4.5,5.6,23290
4,4,4,3.5,4,5.6,23290
4,4,4,3.5,4,5.6,23290
3.5,3.5,3.5,3,3.5,5.6,23290
3.5,3.5,3,3.5,3.5,5.6,23290
3.5,4,3,3.5,4,5.4,10785
4,3.5,4,4,4,5.4,10785
4.5,4.5,3.5,4,4,5.4,10785
4,4,4,4,4,5.4,10785
4,4,4,4,4,5.4,10785
4,3.5,4,4,3.5,5.4,10785
3.5,3.5,4,3.5,3.5,5.4,10785
4,3,4,4,3.5,5.4,10785
4,3.5,3.5,3.5,4,5.4,10785
2.5,2,3,3,2.5,5.4,10785
3.5,3,2.5,3.5,3.5,5.4,10785
4.5,4,4.5,4,4.5,5.4,10785
3.5,4,4,3.5,3.5,5.4,10785
2,2,3.5,3,2.5,4.6,32368
3,2.5,2.5,2,2,4.6,32368
3.5,3,3.5,3.5,3,4.6,32368
4,3.5,4,4,4.5,5,43516
5,4.5,4,4,4.5,5,43516
1.5,2.5,3,2,1.5,NA,5843
2.5,2,2.5,2.5,3,NA,58410
3.5,3,3,4,3,NA,30285
4,3.5,4.5,3.5,4,5.2,27590
3.5,4,4,3.5,3.5,4.5,70009
3.5,3.5,4,3.5,4,4.5,70009
4,4,3.5,4,4,NA,37479
4.5,4,3.5,4.5,4.5,NA,37479
4,4.5,4,3.5,5,4.6,32811
4,3,3,4,4,NA,36809
4,3.5,3,3.5,3.5,NA,36809
3.5,3,3.5,3.5,3,5.5,30368
3.5,2.5,3,3.5,3,5.5,30368
3,2.5,3,4,3.5,5.5,30368
3,3.5,3,3,3.5,5.5,30368
4,3.5,3.5,3.5,4,5.5,30368
3.5,3,3.5,3.5,2.5,5.5,30368
3.5,3.5,3,3.5,3.5,5.5,30368
3.5,3,3,3.5,4,5.5,30368
2.5,3.5,4,3.5,3.5,5.5,42437
4,4,4.5,4,3.5,5.5,42437
4,3.5,3,3.5,3.5,5.5,42437
4,4,4,3.5,5,7.8,54951
4,3,3.5,4,3.5,4.8,22591
5,5,4.5,4.5,4.5,4.8,22591
4,4,4.5,4.5,4,10.4,15894
1.5,3,2.5,2.5,1.5,10.4,15894
4,3.5,3.5,4,4.5,10.4,15894
3.5,3.5,3.5,4,3.5,10.4,15894
4,4,4,4,4,10.4,15894
4,4.5,4,4.5,4,10.4,15894
4,3,4,4,4,11.1,66845
3.5,3.5,3.5,3.5,3.5,10,51815
5,5,4.5,4.5,5,11,36039
5,4.5,4,4,5,13,58921
4.5,5,4.5,4.5,5,13,58921
4,5,4.5,5,5,13,58921
4,4,3.5,4,4,9.8,11324
3,4,4,4,4,9.8,11324
4,2,3.5,3.5,4,9.8,11324
1,1.5,3.5,1,1,8.9,52175
3,3,4,3,3,8.9,52175
4,4,4,4.5,4,8.9,52175
3,2.5,4,3,3,8.9,52175
4,NA,3.5,4,4,8.9,52175
3.5,4,4,4,4.5,10.9,22622
4.5,4.5,4,4,4.5,10.9,22622
3.5,3.5,3.5,4,3.5,11,3003
3.5,3.5,3,3.5,4,11,3003
4,4,3.5,3.5,3.5,11,3003
4,3.5,3.5,4,4,11,3003
3,3.5,4.5,3,3,11,3003
3,3.5,3.5,3.5,3,11,3003
4,4,4,3.5,4,11,3003
3,4,4,4,4.5,11,3003
4.5,4,4,4.5,4,6,66855
4,3.5,3.5,4,4,6,66855
2,2.5,2.5,3,3,6,66855
4,4,4.5,4,4,10,74672
4,4,4.5,4.5,4,6,66818
3.5,3,4,3.5,3.5,6,66818
3.5,3.5,3,3.5,4,6,66818
4,4,4.5,4,4,6,66818
4,4,4,4,3.5,6,66818
3.5,4,3.5,3.5,3.5,6,66818
2,2,4,4,1.5,6,66818
4.5,4,4.5,3.5,4,6,66818
4.5,3.5,4.5,4,4,6,66818
3.5,3,3,3,3.5,6,66818
3.5,3,4,3,4,6,66818
5,4.5,4.5,4.5,4.5,6,66818
3.5,3.5,3.5,3,4,6,66818
4,4,4,3.5,3.5,6,66818
4,4.5,4,3.5,3.5,6,66818
4,4,4.5,4.5,4.5,6,66818
5,4,4,4,4.5,6,66818
4,4,4,3.5,3.5,7,68447
3.5,4,4.5,3,4,7,60644
4,4.5,4.5,3.5,4,7,60644
4,4,4,4,4.5,9.2,37952
4.5,4.5,4.5,4.5,4.5,9.2,37952
4,4,4,4,4,9.2,37952
3.5,3.5,3.5,3.5,3.5,9.2,37952
4,4,4.5,4,4,9.2,37952
4.5,4,4,4,4,9.2,37952
3,3.5,3,2,3,6.7,61427
4,4,4,3.5,4.5,6.7,61427
1.5,2,3,2,1.5,6.7,61427
3,3.5,3.5,3,3.5,6.7,61427
1.5,1.5,3,2,1.5,6.7,61427
4,3,4.5,3,3.5,6.7,61427
3.5,3.5,3.5,3.5,3.5,6.7,61427
3,3,3.5,3.5,3,4.1,69087
2.5,2.5,2.5,2.5,2.5,3.8,31973
4,3.5,3.5,4,4,4.2,58941
3.5,3.5,4,4,3.5,4.8,61800
4,4.5,4,3.5,4,4.8,61800
5,5,5,5,5,4.8,61800
4.5,4,4,4.5,4,4.8,61800
4.5,4,4.5,4,5,4.8,61800
3.5,3.5,3,3,3.5,4.8,61800
4,3.5,4,5,4,4.8,61800
3.5,4,3,4,4,4.8,61800
4,4,3,3.5,3.5,4.8,61800
4.5,3.5,4,4,4,4.8,61800
4,3.5,3.5,4,3.5,4.8,61800
3.5,3.5,3,3.5,3.5,6.7,75989
3,3.5,3.5,3,3,3.5,36035
4,3.5,3,3,3.5,3.8,31973
3.5,3,3,3.5,4,3.8,31973
3,2.5,3,3,3,3.8,31973
4,3,3,2.5,3,5,29204
4,4,4,4.5,4,4.8,59015
3,3,3,3.5,3.5,NA,53366
3.5,3.5,2.5,3.5,3.5,4.8,59015
5,3.5,4,5,4.5,6,44081
2,1.5,4.5,2,1.5,NA,32734
3.5,3.5,4,3.5,3.5,5.7,65211
1.5,1.5,4,2.5,1.5,NA,23019
4.5,4.5,4.5,5,4.5,5.2,46248
3,3,3,2.5,2.5,5.2,46248
4.5,3,4,4,3.5,NA,29032
4,4,4,4,4,NA,43563
4,4.5,3,4,4,6.2,45885
4,4,4,4,4,5,70026
4.5,4.5,4,4.5,5,5.8,32759
4,3.5,3.5,3.5,3.5,5.8,32759
4.5,4,4,3.5,3.5,3.5,20893
4.5,3.5,4,4,4.5,7.5,25103
4,4,4.5,4.5,4.5,7.5,25103
4.5,4,3.5,4.5,4,7.5,25103
3.5,3.5,4,3,4,3.5,20893
3.5,4,3.5,3,4,3.5,20893
3.5,4,3.5,4,3.5,3.5,20893
3,3,3,3,3,4,48530
3.5,3.5,3.5,3.5,3.5,4,48530
3,2,3,2.5,3,4,48530
3.5,3.5,3.5,3.5,3.5,4,48530
3.5,3,4,3,3.5,4,48530
4,3.5,4,4,4,3.5,20893
2.5,3,4,3,3,3.5,20893
5,3,3.5,4,4,3.5,20893
4,4,3.5,4,4,3.5,20893
4,4,4,3.5,4,3.5,20893
4,4,4,4,4,3.5,20893
3.5,3,3.5,3.5,3.5,5.6,45347
3,3.5,4,2.5,3,4,42904
4.5,4,4.5,4.5,4.5,5.4,17610
3.5,3.5,4,3.5,3.5,5.4,17610
4.5,4,4,4.5,4,5.4,17610
4,3,4,4.5,4,5.4,17610
3,4.5,4,3,3.5,5.4,17610
3.5,4,4,3.5,3.5,5.4,17610
4,4,4.5,3,4,5.4,17610
4,4,4,3.5,4,5.4,17610
3.5,3.5,3.5,3.5,4,5.4,17610
4,3.5,4,3,3.5,5.4,17610
4,4,4,3.5,3.5,5.4,17610
3,4,3,2.5,3,5.4,17610
3.5,3,2.5,3,3,NA,74150
3.5,3.5,3.5,3.5,3.5,NA,6873
1.5,2,3,1,1,NA,6873
1,1,2.5,1.5,1.5,NA,6873
3,3,3,3,3,NA,6873
2,2.5,4,2,1.5,NA,6873
2.5,2.5,2.5,2,2.5,NA,6873
1,1.5,2.5,1,1,NA,6873
3,3,3.5,3.5,3,NA,6873
4.5,4.5,4,4,4.5,5.2,11414
3,3.5,3,3,2.5,5.2,53588
2,2.5,2.5,2,2,5.2,53588
4,3.5,3.5,4,4.5,5.2,53588
4,4,3.5,3.5,4.5,5.2,53588
3.5,3,3.5,3,3,5.2,53588
4,4,4,4,4,NA,67740
4,4.5,4,4,4.5,7.7,64883
2.5,3.5,3.5,4,3.5,9,55951
2.5,3,3.5,3,3,9,55951
4,4,4,4,4,8.4,53679
5,4,4,4.5,4.5,9,55445
4,3.5,4,3.5,4,9,55445
4.5,5,5,4.5,4.5,9,55445
4.5,4,4.5,4,4,9,55445
4,4.5,4,4,4.5,9,55445
4,4,4,4,4,9.5,29142
4,4,4,4,4,8,59514
3.5,3,3.5,3.5,4,7.2,45137
3,2.5,3,3,3,7.2,45137
3,3.5,3,2.5,3,7.2,45137
3,2.5,3,3,4,7.2,45137
4,3.5,4.5,4,3.5,7.2,45137
3.5,3,4,3,4,7.2,45137
4.5,4,4.5,4,4,8.85,74683
4,4,4.5,4,4,8.85,74683
4,4,4.5,4,4.5,8.85,74683
4,4,4.5,4.5,4,8.85,74683
3.5,4,3.5,3,3,8.7,65282
4,4.5,4,4,4.5,8.7,65282
4,3.5,4.5,3.5,4,9,74654
4.5,4.5,4.5,4.5,4.5,8,48525
4,4,4,4,4,8.4,53679
3,3,4,3,3,8.4,53679
3.5,3,3,3.5,4,8.4,53679
3.5,2.5,4,4,4,8.4,53679
2,1.5,3,2.5,1.5,8.4,53679
4,4,4,4,4,9,43920
4,3.5,3.5,4,4,7.5,52352
3,3,4,3,2.5,7.5,52352
3.5,3.5,3.5,4,4,7.5,52352
4,3.5,3.5,4,4,7.4,41688
4,3.5,4,3,3.5,7.4,41688
4.5,4.5,4,4.5,4.5,7.4,41688
3.5,3,4,3.5,4,7.4,41688
4,3.5,4,4,4,7.4,41688
4,3,3,4,4,7.4,41688
3.5,4,4,3.5,3.5,7.4,41688
3.5,4,4,3.5,3.5,7.4,41688
4,4,4,4,4,7.4,41688
4,3.5,4,4.5,4,7.4,41688
4,4,4,4.5,4,7.5,30006
5,5,5,5,4.5,7.2,57276
4,4.5,4,4,4.5,7.2,57276
3.5,3.5,3.5,4,3.5,7,70981
4,4,4,4.5,4,7,70981
3.5,3.5,4,4,3,7,70981
4,4,4,4.5,3.5,7,70981
3.5,4,4,4,3.5,7,70981
4,3,3.5,3.5,4,7,70981
4,3,4,4,4,7,70981
3,3,3.5,3,3,7,70981
4,4,3,3,3.5,7,70981
4,3.5,4,4,4,7,70981
3.5,3,3.5,4,3.5,7,70981
3.5,3.5,4,3.5,3.5,7,70981
3.5,3.5,3.5,2.5,3,7,70981
4.5,4.5,4,4,4.5,NA,42964
3,4,4,3.5,3,10,39606
4.5,3.5,4,4,3.5,10,39606
4.5,3.5,3.5,3,2.5,10,39606
4,4,4.5,4,4,10,39606
4,4,4.5,4.5,4,10,39606
3,3,3.5,3.5,4,10,39606
4,4,4,4,4,10,39606
4.5,4,4.5,4.5,4,10,39606
5,4,4,5,4.5,8,66430
4,3.5,4.5,4,4,8,66889
3,3.5,4,3,3,8,55096
4,4,4.5,4.5,4,12,47880
4,4,4.5,4,3.5,8.3,11757
4,4.5,4,4,4.5,13,56725
3.5,4.5,4.5,4,4,13,56725
5,4.5,4.5,5,4.5,9.2,57172
5,4.5,4.5,4.5,5,9.2,57172
5,5,5,5,5,9.2,57172
4.5,4,5,3,4.5,9.2,57172
4,3.5,4.5,3.5,3.5,9.2,57172
4,3.5,4,4,4,9.2,57172
5,4,4,5,5,7.8,64487
4,4,4,4,4.5,NA,72587
4.5,4,4,4,4,8.5,29687
4,3.5,4,3.5,3.5,8.5,29687
4.5,4,4,4,4.5,8.5,29687
3.5,4,4,2.5,3.5,8.5,29687
4,4,4,4.5,4.5,8.5,29687
3.5,3.5,4,4,3.5,8.5,29687
4,4,4,4,4.5,6.1,10784
4,4,4,4,4.5,6.1,10784
4,4,4,4,4,6.1,10784
4,4,4,4,3.5,6.1,10784
4.5,4,4,4,4,6.1,10784
4.5,4.5,4,4,4,6.1,10784
3.5,4,4.5,3.5,3.5,6.1,10784
4.5,4.5,4,4,4.5,6.1,10784
4.5,4,4,4,4.5,6.1,10784
4,3.5,4,4,4.5,6.1,10784
4,4,4,4,4,6.1,10784
4,4.5,4.5,4,3.5,6.1,10784
5,4,5,4,4,6.1,10784
4,4.5,5,4,5,6.1,10784
4,3.5,4.5,4,4,6.1,10784
4,3,4,3,3,6.1,10784
4,4,4.5,3.5,3.5,6.1,10784
4,4,4.5,4,4.5,6.1,10784
3.5,3.5,4,3.5,3.5,6.1,10784
4,4,4,4,4,6.1,10784
4,4,4,3.5,4,6.1,10784
4.5,4,3.5,4,4.5,6.1,10784
4,4,4,3.5,3.5,6.1,10784
4,4,4,4,4,6.1,10784
4.5,4,4,4,4.5,6.1,10784
4,3.5,4.5,3.5,4,6.1,10784
4.5,4.5,4,4,4.5,6.1,10784
3,2.5,4,3,3,6.1,10784
4,4,5,4,4,6.1,10784
4.5,4,4.5,4.5,4.5,6.1,10784
2,3.5,3.5,2,2,10,35982
1.5,2,3,3,2,10,35982
3.5,3.5,3,3,2.5,7,74145
3,3,3.5,2.5,3.5,7,74145
3.5,2.5,3,4,3,7,74145
3,2.5,3,3,3.5,7,74145
3,3,3,4,2,7,74145
3,3,2,3,2.5,7,74145
3.5,2.5,3.5,3.5,3,7,74145
2.5,3,3.5,2.5,2,7,74145
4.5,4.5,3,4,4.5,10,25196
1.5,2.5,3.5,2,2,10,25196
1,2,3.5,1,1,8.2,798
2,1,2.5,2,2,8.2,798
3,3,4,3.5,3,8.2,798
1.5,1,2,2,1.5,8.2,798
1.5,4,4,3.5,1.5,8.2,798
2,2,2,2,2,8.2,798
3,3,4,2,2,8.2,798
1,1.5,2.5,2.5,1,8.2,798
3,3,3,3.5,4,8.2,798
1,1.5,3,1,1,8.2,798
1,2,3,1,1,8.2,798
5,3,3,4.5,4,8.2,798
2.5,2,3.5,3,2.5,8.2,798
3.5,2.5,3.5,5,1,8.2,798
5,3,3,3,2.5,8.2,798
2,3.5,2.5,2.5,2,8.2,798
1,1.5,1.5,2,2,8.2,798
1.5,2,3,2.5,2,8.2,798
4,3.5,3.5,4,4,5.5,25414
2.5,3,3.5,3.5,2.5,5.5,25414
4,3.5,4,4,3.5,5.5,25414
4.5,3.5,4,3.5,4,5.5,25414
4.5,3.5,4,4,4,5.5,25414
4,3.5,4.5,4,4,5.5,25414
4,3.5,4,4,4,5.5,25414
3.5,4,3.5,3.5,4,5.5,25414
3.5,4,4,3.5,3.5,5.5,25414
5,4,4.5,4.5,4,5.5,25414
3.5,4,3.5,4,3.5,5.5,25414
4.5,4,4,4.5,4.5,5.5,25414
4,4,4,4,4,5.5,25414
4,3.5,4,4,3.5,5.5,25414
4,3.5,3.5,4,4.5,5.5,25414
4,3.5,4,4,4,5.5,25414
4,3,3.5,3.5,4,5.5,25414
3.5,3.5,3.5,4,3.5,5.5,25414
4,3.5,2.5,3.5,4,5.5,25414
4,4,4,4,3.5,5.5,25414
3.5,3.5,4,3.5,3.5,5.5,25414
4.5,4,4,3.5,3.5,5.5,25414
4.5,4,4.5,4,4,5.5,25414
5,3.5,4,4,5,5.5,25414
5,4,4.5,4,4,5.5,25414
3.5,4,3.5,3.5,3.5,5.5,25414
4,3.5,3.5,3.5,4,5.5,25414
4.5,3.5,3.5,4,3.5,5.5,25414
4,4,4,4,3.5,5.5,25414
4,4,4,4.5,3.5,5.5,25414
4,3,4,4,4,5.6,12386
2,3,2,1.5,2.5,4.5,51814
3,2.5,3,4,3,5,54060
4,3.5,4,4,3.5,5,54060
4,3.5,4.5,4.5,3.5,5,54060
3.5,3,3.5,3,3.5,5,54060
2.5,3.5,3,3,2.5,NA,20111
4.5,3,4.5,4,3,NA,20111
3,3,3.5,3,3,NA,20111
4,3.5,3,3.5,3.5,NA,20111
1.5,1.5,2,1.5,1.5,NA,20111
4.5,4,4,4,4.5,6,66229
4,3.5,4,3.5,3.5,6,66229
4,3.5,3,4,4,6,66229
4,3,3.5,3.5,3.5,5,64541
4,3.5,2.5,4,3.5,NA,47994
2.5,2,3.5,3,2.5,5,27596
2,2,2.5,3,2,5,27596
3,3.5,3.5,4,3,5,27596
3,2.5,4,2.5,2.5,5,27596
2.5,2.5,3,2.5,3,5,27596
3,2.5,2.5,3.5,3,5,27596
2,2.5,4.5,3.5,2.5,5,27596
3.5,3,3.5,3.5,3.5,5,27596
3,2,3,2.5,2,5,27596
1,2,3.5,1.5,2,5,27596
2,3,2.5,2.5,2,5,27596
3.5,3.5,3,3.5,3,5,27596
3,3,3,3,2.5,5,27596
2,1,2,2,2.5,5,27596
4.5,3.5,4,4,4,5,26418
3.5,3,3,3,2.5,NA,33653
4,3.5,3.5,4,3.5,5,16893
4,3,4,3.5,3,5,16893
3,3.5,3.5,3,3.5,5,16893
3,3,3,3,3.5,5,16893
2.5,3.5,3,3,3,5,16893
2.5,3,2,2.5,3,4.8,51793
4.5,4,4.5,4.5,4,NA,31453
3.5,3,3.5,4,3.5,NA,31453
4,3,3,4,3,NA,31453
2.5,3,3,2.5,2.5,5.6,14591
4,3.5,4,4,4,5.6,14591
3.5,4,3.5,4,4,5.6,14591
2.5,3,2.5,3,3,NA,24922
3.5,4.5,3.5,3.5,3.5,NA,24922
4,4,4,4,4,NA,24922
3,3,3.5,3.5,3,5,64542
4,4,3,4.5,3.5,4.2,50978
2,2.5,3,2,2.5,4.8,41492
3,2,3.5,2.5,3,4.8,41492
3.5,3,3,3,3,NA,4637
3.5,3,4,4,3.5,5.8,55339
2.5,2.5,3.5,2,2,5.2,30182
1,1.5,3.5,3,1,5.2,30182
3.5,3.5,4,4,3.5,5.2,64851
3.5,3,3,4,3.5,5.2,64851
4.5,4.5,4.5,4.5,4.5,NA,3812
3.5,3.5,3,3.5,3,NA,3812
3.5,3.5,3.5,3.5,3.5,NA,3812
4.5,4.5,4.5,4.5,5,5.8,10788
4,4,4,4.5,4,5.8,10788
4.5,3.5,3,5,4.5,5.8,10788
4.5,4,4,4,4.5,5.8,10788
3.5,3.5,4,3.5,3.5,5.8,10788
5,4,4.5,4,4,5.8,10788
4.5,3.5,4.5,4.5,4,5.8,10788
3.5,3.5,3.5,3.5,3,5.8,10788
2.5,2.5,3,2.5,3,5.8,10788
3.5,3.5,3,3.5,3.5,6,2780
4,4,4,3.5,4,9.5,76963
4.5,4.5,4,4,4.5,8.5,60990
4.5,4.5,3.5,4,4.5,8.5,60990
4.5,4.5,3.5,4,5,8.5,60990
4.5,4,4.5,4.5,4.5,8.5,60990
4,4.5,3.5,4,4,8.5,60990
4,4.5,4,4.5,4,8.5,60990
4.5,5,5,4,4.5,8.5,60990
4.5,4,5,4,4.5,8.5,60990
5,4.5,5,5,5,8.5,60990
5,5,4.5,5,4.5,8.5,60990
3.5,3.5,3,3.5,3.5,5.1,44082
4,3.5,3,2.5,4,7,63220
5,5,4.5,5,4.5,6,39008
3.5,4,3.5,3.5,4,6,39008
NA,3.5,3,4,3.5,6,39008
5,4,4.5,5,4.5,6,39008
3.5,3.5,3.5,3.5,3.5,6,66857
5,5,4,4,5,6,66857
5,3,4.5,4,4,NA,9545
3,3,3,4,3,NA,21241
3.5,4,4,3.5,3.5,5,8770
2.5,2,4.5,4,2.5,5,8770
4.5,4,5,4.5,4,5,8770
4,3.5,3.5,4,4,5,8770
4.5,4.5,3.5,4.5,5,5,8770
4,4,4.5,4.5,4,5,8770
4,4,4,4,4,NA,27689
1.5,2,3,1,1.5,NA,27689
4,4,4,4,4,NA,26133
4.5,4,4,3.5,4,NA,15476
4,4.5,4.5,4,4,NA,15476
4,4.5,4,4.5,4.5,4.8,24057
4,4.5,3.5,4,4.5,4.8,24057
4.5,4.5,3.5,3.5,4.5,4.8,24057
4.5,4.5,4.5,5,5,NA,7819
3.5,3,3.5,4,3.5,8.6,61053
4,3.5,3.5,4,3.5,8.6,61053
3,3.5,4,3.5,3.5,8.6,61053
3.5,4,4.5,3.5,4,8.6,61053
4,3.5,3.5,4.5,4,8.6,61053
3.5,4,4,3.5,3.5,4.5,71502
4,4,4,4,4,NA,60957
3.5,3,4,3,3,NA,33654
4,4.5,4,4,4.5,6.5,61801
4,4,4,4,3,6.5,61801
4,4.5,4,4,4.5,6.5,61801
4,3.5,4,3.5,4.5,6.5,61801
4,3,4,3.5,4,6.5,61801
4,4,4,4,4,6.5,61801
4,4,4,4,4,7,10794
5,4,4.5,4.5,5,7.6,10793
3,3,3.5,3.5,3,9,64800
1,1.5,3,2.5,1.5,NA,64803
4.5,4,4.5,4,5,9.3,72427
3,3,3.5,3.5,3,9.3,72427
4,4,3.5,4,4,8.1,46683
4.5,5,4.5,4.5,4.5,8.1,46683
4.5,5,4.5,4.5,4.5,8.1,46683
4,3.5,3.5,4.5,4.5,8.1,46683
4,3.5,3.5,3.5,4,7,17124
4,4,3.5,4,4.5,NA,70247
3,3,3,2.5,3,14,38866
1.5,2,3.5,2,2,14,38866
3.5,3.5,3,3.5,3.5,14,38866
3,3.5,3.5,3,3,14,38866
1.5,1.5,4,2,2,14,38866
1,3.5,3,2.5,2,14,38866
3.5,3.5,3,3.5,3.5,14,38866
3,3,3,3,3,15,32222
3,3,2,2,2.5,15,32222
2.5,3.5,3,3.5,2.5,15,32222
2,2.5,2,2,2.5,15,32222
2.5,2.5,2,3,3,15,32222
2.5,3,3.5,3,2.5,15,32222
2.5,2.5,3,2.5,2,15,32222
3.5,3.5,3,3.5,3.5,15,32222
3,2.5,2.5,3,3.5,15,32222
3.5,4,3.5,3.5,3.5,15,32222
2,3,2,2,2.5,15,32222
4.5,4,4.5,3.5,4,NA,49815
4,4.5,4,3.5,3.5,4.9,73052
4,3.5,3.5,4,4,4.9,73052
3.5,3.5,4,3.5,3,5.5,73234
4,3.5,4,4,4,7,73239
4,4,4,4,4,6.5,73235
3.5,3,4,4,3.5,7,73237
4,4,4,4,4.5,7,73240
4.5,4.5,4,4.5,5,7,33505
4,4.5,4,4,4.5,7,33505
4.5,4.5,4,4,5,7,33505
3,3.5,4,3,3.5,7,33505
3,4,4,4,3.5,7,33505
4,4,4,4,4,7,33505
3.5,3.5,4,4,4,7,33505
4.5,4.5,4.5,4.5,4.5,12.6,10001
5,5,4.5,4.5,5,12.6,10001
5,4,4,4,5,12.6,10001
5,5,5,5,4.5,12.6,10001
4,4.5,4,4.5,5,12.6,10001
4,4,3.5,4,4.5,12.6,10001
4,4.5,4,4,4,12.6,10001
4,4,4.5,4,4,12.6,10001
2,3.5,4,4,2,12.6,10001
3.5,3.5,3.5,3.5,4,12.6,10001
5,5,4.5,4.5,5,12.6,10001
5,4.5,4.5,4.5,5,12.6,10001
5,5,4.5,4.5,5,12.6,10001
3.5,3.5,3.5,3.5,3.5,12.6,10001
3.5,5,4,4,4.5,12.6,10001
3.5,3.5,4.5,3.5,3.5,NA,16418
4,4,3,3.5,4,NA,16418
2.5,2,2,4,3.5,11,49786
4.5,4,4,5,4.5,11,49786
4.5,4,4,4.5,4.5,8.5,41240
4,4,4.5,4,4,8.5,41240
4.5,4,4,4.5,4.5,8.5,41240
4,3.5,4,4.5,4.5,8.5,41240
3,3.5,3.5,4,3.5,9,16693
3.5,3.5,4,4,3.5,9,16693
5,4.5,5,4.5,5,6,8575
4,4,4,4,4.5,6,8575
4,4,5,4,4.5,6,8575
4,4,4.5,4,4.5,6,8575
4,4,4,4,4.5,6,8575
5,3.5,3.5,4.5,4,6,8575
4,5,4.5,4.5,4.5,7.4,25466
4,4,5,4.5,5,7.4,25466
4,4,5,4.5,5,7.4,25466
4,4,4,4,4,7.3,25386
4,4,4,4,4,7.3,25386
4,4,4,4,4,7.3,25386
3.5,4,4.5,4.5,3.5,7.3,25386
4,4,4,4,4.5,8.1,1504
4.5,5,5,4.5,5,8.1,1504
5,4.5,4.5,5,5,8.1,1504
1.5,3.5,3.5,4,2,8.1,1504
4.5,4.5,3.5,4,4,8.1,1504
4,4,3.5,4,4.5,8.1,1504
4,4,4,4,4.5,8.1,1504
4,4,4,4,4,NA,69305
3.5,3.5,4,3.5,3.5,7,48550
4,3,4,3.5,4.5,5.5,48549
2,2,2,1.5,3,6.5,2784
4,3.5,4,4,4,6.5,2784
4,3.5,3,2.5,3.5,6.5,2784
4,4,3,3,4,6.5,2784
3.5,3.5,4,4,3.5,6.5,2784
3,4.5,3,3.5,2.5,6.5,2784
2.5,3,3,2,2,6.5,2784
1,1.5,1.5,2.5,1.5,6.5,2784
3,3.5,2,2,3,6.5,2784
2,1.5,2,1.5,2,6.5,2784
2,2,2.5,2.5,2,6.5,2784
2.5,3,3.5,2.5,3,6.5,2784
2.5,3.5,3,3,3,6.5,2784
4,3.5,4,4,4,6.5,2784
2.5,3,3,3,3,6.5,2784
2.5,3.5,2,2,3.5,6.5,2784
2.5,3,2.5,2.5,3,6.5,2784
3,3.5,3,3,3.5,6.5,2784
3,4,3.5,3.5,3.5,6.5,2784
5,5,4.5,5,5,6.5,2784
3.5,3.5,4,2,3,6.2,8274
3.5,2,4,4,3.5,6.2,8274
2.5,4,2,3,3.5,6.2,8274
4,4,4,4.5,4,6.2,8274
4,4,4,4,4,6.2,8274
3,3.5,4,3.5,3.5,6.2,8274
3,3.5,3.5,3.5,3,6.2,8274
3,3,4,3,3.5,NA,53367
3.5,3,3.5,4,3.5,NA,53367
4,4.5,4,4,4,8.5,51917
4,4.5,4,4,4,8.5,51917
3,3.5,4,3.5,3.5,8.5,51917
4,4,4.5,4,4,8.5,51917
4,4,4.5,4,4,8.5,51917
4,4,4,4,4,8.5,51917
3.5,4.5,4.5,4,4,8.5,51917
3,4,3,3,4,8.5,51917
4.5,4.5,4,4,4,8.5,51917
3.5,4,4,4,3.5,8.5,51917
4,4,4.5,4,4,8.5,51917
4,4,4.5,4,4.5,8.5,51917
2.5,2.5,4,2.5,2,8.5,51917
4,4.5,4,4,4,8.5,51917
4,4,4,4,4,8.5,51917
4,3.5,4.5,4,4,8.5,51917
4,4.5,4,4,4,8.5,51917
4,4,4,4.5,3.5,8.5,51917
3.5,4,4.5,4,4.5,8.5,51917
3.5,4,4,4,4,8.5,51917
4.5,4,4.5,4,4,8.5,51917
4,4.5,4.5,4.5,4.5,8.5,51917
4,4.5,4,4,4.5,8.5,51917
3.5,3.5,4,4,4,8.5,51917
4.5,4,4.5,4,4,8.5,51917
4,4,4.5,4.5,4.5,8.5,51917
3.5,3.5,4,3.5,3,8.5,51917
4,4,4,3.5,4,8.5,51917
4,3.5,3,4,4,6,2724
3.5,3.5,4,4,3.5,NA,65099
4,3,4,3.5,3.5,4.2,56979
4,4,4.5,4,4,5,62884
4,4,3.5,3.5,4,6.1,62101
4,3.5,4,4,4,6,48548
4,3.5,4,3.5,4,6,46650
3.5,3.5,4,3.5,3,5,20022
3.5,3,3.5,2.5,3,5,20022
3,3,3,3,3,6.5,30550
3,3.5,3,4,3,6.5,30550
3.5,3.5,4,4,4,6.5,7693
4,3.5,4,4,4.5,6.5,7693
4,3.5,4,4,4,6.5,7693
4,4,3.5,3.5,4,6.5,7693
4,3.5,4,4,4,6.5,7693
2.5,2.5,2.5,3,3,6.5,7693
5,4.5,4,4.5,4.5,6.5,7693
3.5,4,4.5,4,4,6.5,7693
4.5,3.5,4,3,3.5,6.5,7693
4,3.5,4,3.5,4,6.5,7693
4,2.5,3.5,3.5,4,6.5,7693
4,3,3.5,3.5,3.5,6.5,7693
2.5,3,3.5,3.5,2.5,6.5,7693
3,3,3.5,3,2.5,6.5,7693
3.5,3,4,4,3.5,6.5,7693
4,3.5,4,3,3,6.5,7693
4.5,4,4.5,4.5,4,6.5,7693
4.5,4,4.5,4.5,4,6.5,7693
5,4,4.5,4,3.5,6.5,7693
4,4,4.5,4,3.5,8.1,58920
3.5,3.5,4,2,3.5,8.1,58920
3,4,2,3,2.5,8.1,58920
4,4,4,3.5,4,8.1,58920
3.5,3.5,3.5,3,3.5,8.1,58920
4,3.5,4,3.5,4,8.1,58920
3.5,3.5,4,3.5,3.5,8.1,58920
3.5,3.5,4,4,3.5,8.1,58920
4,3,4,3.5,4,8.1,58920
3,3.5,4,3.5,3.5,8.1,58920
4.5,4,4,3.5,3.5,8.1,58920
4,3.5,3.5,4,4,8.1,58920
3.5,3,3.5,3.5,3,8.1,58920
3.5,4,4,3.5,3.5,8.1,58920
4,3.5,4,4,4,8.1,58920
4,3,4,4,3.5,8.1,58920
4,4,4,4,4,8.1,58920
4,4,4,4,3.5,8.1,58920
3.5,4,3.5,3.5,3.5,8.1,58920
3.5,3,4,3.5,3.5,8.1,58920
3.5,3.5,3.5,3.5,3.5,8.1,58920
4,4,4,4,4,8.1,58920
4,4,3.5,3.5,4,8.1,58920
3,2.5,4,3.5,3,8.1,58920
3.5,2.5,3.5,3.5,3.5,8.1,58920
2,2.5,4,2.5,2,8.1,58920
2.5,2,2.5,1,2.5,8.1,58920
3,3.5,3.5,3,3,8.1,58920
4,4,4,4,4,8.1,58920
3,4,3.5,2.5,3,8.1,58920
1.5,2,1.5,1,3,NA,41584
4,3.5,4,4.5,3.5,6,71533
4,4.5,4,4,3.5,6,72005
4,3.5,3.5,4,4,10.5,33927
4,3.5,3.5,4,3.5,10.5,33927
3,3,3,4,3.5,10.5,33927
3,4,3.5,3,3,9,8422
3,3.5,3.5,4,2.5,10.5,33927
4,4,4,4,4,10.5,33927
3.5,3.5,4,3.5,3.5,10.5,33927
1.5,2.5,3,2,1.5,10.5,33927
2,3.5,3,2.5,3,10.5,33927
3,3,2.5,3,3,10.5,33927
2,2,4,3,2,10.5,33927
4,4,4,4.5,5,10.5,33927
4,4.5,4,4,4,10.5,33927
2.5,3.5,4,3,3.5,10.5,33927
4,4,3,4,4,10.5,33927
4,4,3,4,4.5,10.5,33927
3,3,2.5,3.5,3.5,10.5,33927
3,4,3,3,3.5,10.5,33927
2.5,2.5,3,2.5,2.5,10.5,33927
3.5,3,3,3,3,10.5,33927
3,3,3.5,3.5,3.5,10.5,33927
3.5,3.5,3.5,3,3.5,10.5,33927
3.5,4,3.5,3.5,4.5,10.5,33927
3,4,2,2.5,3.5,10.5,33927
3.5,4,4,3,4,10.5,33927
3,3.5,4,4,3,10.5,33927
4,4,4,4,5,10.5,33927
4.5,4,4,4,4,4.3,44279
3.5,3.5,4,3.5,3.5,4.3,44279
4,3.5,4,3.5,3.5,4.3,44279
4,3.5,4,3.5,3.5,4.3,44279
3,3,2.5,3.5,3.5,4.3,44279
3,3,4,3.5,2.5,4.3,44279
4.5,3.5,4,4,4,4.3,44279
4,4,4,4,4,4.3,44279
4.5,4,3.5,4.5,4,4.3,44279
3,4,2.5,3,3,4.3,44279
2,2.5,3,3,2,NA,50849
5,4,4.5,4.5,4.5,NA,50849
4.5,4.5,4.5,4,4,NA,50849
5,4,3.5,3.5,4,3.1,43889
4.5,2.5,4.5,4.5,4.5,3.1,43889
4.5,4.5,4,4.5,4.5,3.1,43889
4.5,4,4,4,4.5,3.1,50922
3.5,4.5,4.5,4,3.5,3.1,50923
4,4,4,4,4.5,3.1,43889
4,4,4,4,4,3.1,43889
4,4,3.5,4,4.5,3.1,43889
4,4,4,3.5,4,3.1,43889
3.5,4,4,4,4,3.1,43889
3,4.5,4,4,3,3.1,43889
3.5,3,2,4,4,3.1,43889
3,3,4,4,3,3.1,43889
2,3,3.5,2,2,3.1,43889
4.5,4,3.5,4,4,3.1,43889
3.5,4,3.5,4,4.5,3.1,43889
5,4,3,4.5,4,3.1,43889
4,5,4.5,3,4,10.3,64089
4,4,4,4,3.5,10.3,64089
3.5,3.5,4.5,3.5,3.5,10.3,64089
3,3.5,3.5,3,3,10.3,64089
4,4,4,4,4,10.3,64089
2.5,3,3.5,3,2.5,10.3,64089
1,4,4,2,1,10.3,64089
2.5,4,4,4,3,10.3,64089
3,3,4,4,3,10.3,64089
2,2.5,3.5,2.5,2.5,10.3,64089
4.5,3.5,4,4,4,10.3,64089
3,3,3.5,3.5,2.5,10.3,64089
3,3,4,3,3,10.3,64089
4,3,4,2.5,3,10.3,64089
3.5,3.5,4,3.5,4,10.3,64089
4.5,4,4.5,4,4,10.3,64089
3,4,4,3,3,10.3,64089
3.5,4,4,3,3,10.3,64089
2.5,3,3.5,3.5,2.5,10.3,64089
3.5,2.5,4.5,3.5,4,10.3,64089
3.5,3.5,4,4,3,10.3,64089
3,4,4,4,2.5,10.3,64089
3.5,3.5,3.5,4,3,10.3,64089
3.5,4,4,4,4,10.3,64089
3.5,4,4.5,4,3,10.3,64089
4,4,4,4,4,10.3,64089
3.5,4,4.5,3,2.5,10.3,64089
3.5,3.5,4.5,4,3.5,10.3,64089
3,3,3,3,3,10.3,64089
3.5,3,4,3.5,3.5,10.3,64089
4,4,4,3.5,4,6.7,69828
4.5,4,4,4.5,4,8.1,59736
3,4.5,3,3.5,4,8.1,59736
3,4,4,3,3.5,8.1,59736
4,4.5,3.5,4,4,NA,49607
4,4,4,4.5,4.5,NA,49607
4,2,4,3.5,4.5,6,38955
4,3.5,4,3.5,4,6,38955
4,3.5,3,3.5,3.5,8,509
4,4,3.5,3.5,4,7.2,7451
3.5,3.5,3.5,3.5,3.5,7.2,7451
3.5,4,3.5,3.5,4,8.5,38903
3,3,3.5,3,3.5,7.2,7451
3,3,3,3,3.5,7.2,7451
3,3,3.5,3,3.5,7.2,7451
3.5,3,3.5,3.5,3.5,7.2,7451
3.5,3,3,4,3,7.2,7451
4,4,4,4,4,8.5,73890
3.5,3.5,4,3.5,4,8.5,73890
3.5,3.5,3,4,3,8.5,73890
4.5,4,4.5,4.5,4.5,8.5,73890
4,4,4,4,4,8.5,73890
3.5,3.5,3,4.5,4,8.5,73890
3.5,3,4,3.5,3.5,8.5,73890
3.5,4,3,3,4,8.5,73890
4,4,4,4,4,8.5,73890
3.5,4,3,4,4,8.5,73890
3.5,3.5,4,3,3.5,8.5,73890
2,3.5,3,2.5,3,7.2,7451
4,4,4,3.5,3.5,7.2,7451
3.5,4,4,3.5,4,NA,1222
3.5,3.5,4,3.5,4,NA,1222
3,3,3,3,3,NA,1222
4.5,4,4,4,4,7.6,33662
4,3.5,3.5,3.5,4,7.6,33662
4.5,4,4,4,4.5,7.6,33662
4,5,4,4.5,4.5,7.6,33662
4,3.5,3.5,4.5,4,7.6,33662
4.5,4,4,4.5,4.5,7.6,33662
4,4,4.5,4,4.5,7.6,33662
4.5,4.5,4,3.5,4.5,7.6,33662
4,4,3.5,4,3.5,7.6,33662
4,4,4.5,3.5,4,7.6,33662
4,4,3.5,3.5,4,7.6,33662
4.5,4,4,4,4,7.6,33662
4.5,4.5,4.5,4.5,4.5,7.6,33662
3.5,4.5,4.5,4,4.5,7.6,33662
4,4.5,5,4,4,7.6,33662
4,4,3.5,4,4.5,7.6,33662
4,3.5,4.5,4,4,7.6,33662
4.5,4,4,4.5,4.5,7.6,33662
4,4,4.5,4,3.5,7.6,33662
4,4,4,4,4,7.6,33662
4,3.5,4,4.5,3.5,7.6,33662
3.5,4,4,4,4,7.6,33662
4,4,4,4,4,7.6,33662
4.5,3,4.5,4,4,7.6,33662
4,4,4.5,4,4.5,7.6,33662
4.5,4,4,4.5,4.5,7.6,33662
4,4,4.5,4.5,4.5,7.6,33662
4.5,3,3.5,3.5,3.5,7,1418
4,4,4,4,4,7,1418
4,4,4,4,4,7,1418
3.5,4,3.5,3.5,4,7,1418
3.5,3.5,3.5,3,3.5,7,1418
3.5,3.5,4.5,3.5,3,7,1418
3.5,3.5,3.5,3,4,7,1418
3,3.5,2.5,3,3.5,7,1418
2,2,3,4,3,7,1418
4,4,4,4,4,7,1418
3.5,4,3.5,3.5,4,7,1418
3,3.5,3.5,3.5,4,7,1418
4.5,3.5,4,4,4,7,1418
3.5,3.5,4,4,4,7,1418
2,2,3,2.5,2,NA,58409
4,4,3.5,3,4,6,35386
3,3,4,3,2.5,7,67820
3.5,3.5,3.5,3.5,3.5,NA,75148
2.5,3,3.5,3,3,NA,40810
3.5,4.5,3.5,3.5,3.5,NA,17753
1.5,2,1.5,2,1,6.5,29727
3,3,4,3,3,6.5,29727
3,4,2.5,3,3,6.5,29727
3,3.5,3,3,3.5,6.5,29727
3,3.5,3.5,3,3.5,6.5,29727
1.5,2,2,1.5,1.5,6.5,36380
1.5,1.5,4,3,1.5,6.5,36380
1,2,3.5,1.5,1,6.5,36380
1,2,4,1,1,6.5,36380
3,3.5,4,3,3,6.5,36380
3,3,3,3,3.5,7.82,5972
4,4,4,4,4,7.82,5972
3,3,3,3.5,3,7.82,5972
3,3.5,4,3,3,7.82,5972
4,4,4.5,4,4,7.82,5972
3.5,3.5,4,3.5,4,7.82,5972
4,4,4,3.5,4,7.82,5972
4.5,3,4,3.5,4,7.82,5972
3,3,4,3,3,7.82,5972
4.5,3,4.5,4,3.5,7.82,5972
3.5,3.5,4,3,3.5,7.82,5972
3.5,3.5,3.5,3.5,4,7.82,5972
3.5,4,4.5,4,4.5,7.82,5972
3,4,3.5,4,3.5,7.82,5972
3.5,4,3.5,3.5,3.5,7.82,5972
3.5,4.5,4,3,3.5,7.82,5972
4.5,4,4,4,4,7.82,5972
3.5,3.5,3.5,3,4,7.82,5972
5,4.5,4.5,5,4.5,7.82,5972
4,4,4,4.5,4,7.82,5972
4,4.5,4,4,4,7.82,5972
4,3.5,3,4,4,7.82,5972
4,4.5,4,4.5,4.5,13,36776
4.5,4,3.5,4.5,4.5,13,36776
2,4,3,3,3,7.3,17536
3,3.5,4,4.5,4,7.3,17536
3.5,3.5,4,4,4,15,49570
3,3.5,4,3,3,15,49570
4,4.5,3.5,4.5,4,15,49570
4,4.5,4,4,4.5,15,49570
5,4,3.5,5,4,5,66856
3.5,3.5,4,3.5,3.5,5.2,62643
4,4.5,4.5,4,4,5.2,62643
4,3.5,4,4.5,3.5,6.3,64082
3,3.5,3.5,4.5,3,5.2,39360
4.5,4,4.5,4,4.5,5.2,39360
4,3.5,3.5,3.5,4,5,17526
3.5,4,3.5,3.5,3.5,NA,46563
4,3.5,3.5,4,4,4,5660
2,3,4,3,2.5,4,5660
2,2,4,2,2,4,5660
1,2.5,2,3,1.5,6,75030
4,3.5,3.5,4,4,NA,22416
4.5,3.5,4,4,4,NA,22416
4,3.5,3.5,3.5,3.5,5.3,54366
3.5,3.5,3.5,3.5,3.5,5.3,54366
3.5,4,4,4,3.5,NA,51413
3.5,3.5,4,3.5,3.5,NA,51413
3.5,3.5,4,3.5,3.5,5.7,25674
3.5,3.5,3.5,3.5,4,6.5,51884
3.5,4,3.5,4,3.5,6.5,51884
4.5,4,4,5,4,6.5,51884
3.5,3.5,4,4,3.5,6.5,51884
4,4.5,4.5,3.5,4,6.5,51884
4,3,4,4,4,6.5,51884
4,3.5,4,5,4.5,6.5,51884
4,3.5,4,4,4,6.5,51884
4,3.5,3,4,3.5,6.5,51884
4,4,3,4,4,6.5,51884
4,4,4,4.5,4,6.5,51884
4,4,4,4,5,4.8,41788
4.5,4.5,3.5,4,4,4.8,41788
4,4,3.5,4,4,4.8,41788
3.5,3,4.5,3.5,3.5,5.1,25520
4.5,4,4,4,4.5,5.1,25520
4,4.5,3.5,4.5,4.5,5.1,25520
4,3.5,4,4,3.5,5.1,25520
3.5,4,4,3.5,3.5,4,62799
4,4,3.5,4,4,4,62799
3.5,3,4,3,3,5,70135
4,4,4,4,4,7,75699
3.5,4,4.5,4,4,NA,68722
4,3.5,4,4.5,4,NA,68722
3.5,5,4,4,4,5.7,47498
3.5,3.5,3,3,3.5,5,45796
3,3.5,3,3.5,3.5,5,45796
3,4,4,4,4,5,45796
1,1,1,1,1,5,45796
4,3.5,3.5,3.5,3,5,45796
3.5,3.5,3.5,3.5,3,5,45796
3,3.5,3,3,3.5,5,46315
3,3.5,3.5,3,3,5,46315
3.5,2.5,4,3,4,6.6,76522
3,4,4,4,4,7.4,29816
4,4.5,4,4.5,4,5.4,7642
4,4.5,3,3.5,4.5,5.4,7642
3,4,3.5,3,3.5,5.4,7642
2.5,4,3,2.5,2,5.4,7642
3.5,4,4,4,3.5,5.4,7642
3.5,3.5,3.5,4,3.5,5.4,7642
2,3,3.5,2.5,2.5,5,48167
1,2,1.5,1,1,5,48167
1.5,3,3,1.5,1,5,48167
3.5,3.5,4,4,3,5,24443
4,3.5,3.5,4,3.5,NA,47171
4,3.5,3,4,3.5,NA,38537
3.5,3.5,3,4,3.5,NA,38537
4,3,3,4,3.5,NA,38537
4,3.5,3.5,3.5,4,NA,38537
3,3,4,2.5,3,NA,11226
4,3,3,4,3.5,NA,11226
3.5,3,2.5,4,4,NA,11226
3,3,3.5,3,3,NA,72004
3,3,3.5,3.5,3,5,25101
2.5,3,3,2,2.5,5,25101
4,3.5,3,5,4,5,25101
4,3.5,3.5,4,3.5,5,25101
3.5,3.5,3.5,3.5,3.5,5,25101
3.5,3,3,3,3,5,25101
4,3.5,3,3,3.5,5,25101
4,4,4,4,4,5,25101
3,3.5,4.5,4,3.5,5.4,52171
2.5,2.5,3,2.5,2.5,NA,22054
3.5,3,3,3,3,NA,22054
3,3,3,3,3,NA,22054
2.5,3,3,2.5,2.5,NA,22054
3.5,3.5,3,3.5,3.5,NA,22054
3,3.5,3.5,3,3.5,NA,14742
3,2.5,2.5,3,3,5,48167
3,3,3,3,3,5,48167
4,4,4.5,3.5,3.5,NA,25546
3.5,2.5,3,2.5,2.5,NA,20013
4,3,3,3,3,NA,20013
4,4,3.5,4,4.5,NA,25546
2.5,2.5,2.5,1.5,3,5,13548
4,4,4,3,3.5,5,13548
4.5,3.5,3.5,4,4,5,13548
4,3.5,4,4,3.5,5,13548
3,3,3,3,3.5,5,13548
4,3.5,4,4.5,4,5,13548
4.5,3.5,4,4,4,4.7,19309
4,3.5,3.5,3,4,5,13548
3,4,3.5,2,2,5.8,30983
4.5,4.5,4,4.5,4.5,3.8,64262
3.5,4,3.5,3.5,4,3.8,64262
3.5,3.5,3,3.5,4,3.8,64262
5,4,3.5,4.5,4.5,3.8,64262
4,3,3.5,3.5,3.5,3.8,64262
3.5,3,3,3.5,4,4.7,19309
3,3,3.5,3.5,3,4.7,19309
4,2.5,4,3,4,4.7,19309
5,3,3,3,3,4.7,19309
3,2,3.5,2.5,2,4.7,19309
3.5,3,2.5,3,3.5,4.7,19309
5,3,2.5,4,4,4.7,19309
4.5,3.5,4,3.5,4,4.7,19309
3.5,2.5,3,3,3.5,4.7,19309
3.5,3,3.5,4,3.5,4.7,19309
3.5,3.5,4,4,3.5,4.7,19309
3,3.5,3.5,3.5,3,4.7,19309
3,3,3,3,3,8,12835
4,4,4,4,4.5,6,62717
3.5,3.5,3,4,4,6,62717
4,3.5,3.5,4.5,4,6,62717
4.5,4,4,4,4,6,62717
4,4,4.5,4,4,6,62717
5,4,4,4,4,6,62717
3.5,3.5,4,3,3,8,48148
3,3.5,3.5,3,3.5,8,48148
4,4,3.5,4,4.5,NA,57929
4,3,4,3,3.5,NA,77070
2,2.5,2,2,2,7.6,62056
4,4,3,4,4.5,8,48148
3.5,2.5,4,3,3.5,8,48148
3,4,4,2.5,3,8,48148
3.5,4,3,3.5,3.5,8,48148
4,4,4,4,4,8,48148
4.5,4,4.5,4.5,5,8,48148
3.5,3,2.5,3,3,8,48148
3.5,3.5,4,4,3.5,8,48148
2.5,2.5,3,3,2.5,8,48148
3,3.5,3.5,3.5,3,8,48148
3.5,3.5,3.5,3.5,3.5,8,48148
2,2,3,3,3,8,48148
3,2.5,4,4,3,8,48148
4,3.5,4,3.5,3.5,8,48148
3,3.5,4,3.5,3,8,48148
2,2,3.5,3,2.5,8,48148
4,2.5,3,4,4.5,8,48148
3.5,2.5,3,2.5,3.5,8,48148
3,3.5,2.5,3,3,7,1415
4,3,3.5,3.5,3.5,7,1415
3,3,4,3.5,2.5,7,1415
4,3,4,4,4,5.2,73752
2.5,2.5,2.5,2,2,5.2,27588
3,3,3.5,2.5,3,5.2,27588
4,4.5,4,4.5,4,5.1,54396
4,3.5,4,4,3.5,6,18713
4.5,3,4,4,4,6,18713
3,3,4,3.5,3,NA,60004
1,1,1,1,1,4.5,1539
1.5,3,2.5,1.5,1.5,4.5,1539
4.5,3.5,4,4,4,4.5,1539
3.5,2.5,2,2.5,2.5,4.5,1539
1.5,2,2,2,2,4.5,1539
3.5,3,3,3,3,NA,40383
4.5,2.5,2,3,3,4.9,39550
4,4,2,3.5,4,5,30371
3,3,3,4,3.5,5,30371
3.5,3,3.5,2.5,4,5,30371
4,3.5,3.5,4,4,5,30371
3.5,3,3.5,3,3.5,5,30371
4,4,2.5,4,4,5,30371
4,3.5,3.5,4,4,5,30371
4.5,4,3,3.5,4,5,30371
4.5,3.5,3,4,4,5,30371
4,4,3.5,3.5,3.5,5,30371
4,3.5,4,4,4,5,30371
4.5,3,4,4,4,5,30371
4,4,4,4,4,5,30371
3,3,2.5,4,3.5,6.5,56981
3.5,3.5,3,4,4,6.5,56981
3.5,3.5,3.5,3,3.5,6.5,56981
4,3.5,3,3.5,4,6.5,56981
3,3,4,3.5,3.5,6.5,56981
4,4,3.5,4,4,6.5,56981
4,3.5,3,3.5,3,6.5,56981
4.5,4,3.5,4,4,6.5,56981
3.5,3,3.5,4,4,6.5,56981
3.5,3.5,3.5,4.5,4,6.5,56981
4,3.5,3.5,4,4,6.5,56981
4,3.5,4,4,3.5,6.5,56981
4,3.5,4,4,3.5,7.5,74370
4.5,4,4,4,4,8.2,23118
3.5,3.5,3,2.5,3.5,9.5,65764
3.5,3.5,4,3.5,3.5,9.5,65764
3.5,4,4.5,3.5,3.5,9.5,65764
3.5,3.5,3,3.5,3,9.5,65764
3.5,4,4,3.5,4,8,41866
3.5,4,3,4,4.5,9.2,34636
4,3.5,3,4,3.5,7,53495
3.5,3.5,4,4,2,7,53495
3.5,3.5,3.5,4,3,7,53495
3.5,3.5,4,3,3.5,7,53495
3.5,3,4,3.5,4,7,53495
4,3.5,4,3.5,4,7,53495
3.5,4,3.5,3.5,3.5,7,53495
4,3,4,4,3.5,7,53495
4,4,2.5,3,3.5,7,53495
4,4,3.5,4,3.5,7,53495
4,4,3,4,4.5,5,63995
4,3.5,3.5,3.5,3.5,5.2,54846
3,3.5,3.5,3,3,NA,5616
4.5,4.5,4,3.5,4,NA,5616
4,3.5,4,3.5,4,NA,17362
2.5,2,4,2,2,NA,17362
3,3,3.5,3,3.5,NA,17362
4,3,3.5,4,3.5,NA,17362
3.5,3,3,3.5,3.5,NA,17362
3,3.5,4,3,3,5.7,56004
3.5,3.5,3,3.5,4,5.7,56004
4,3,4,4,3.5,5,38200
4,3.5,3,3,4,5,38200
4.5,4,4,3.5,4,NA,20574
4,3.5,3.5,4,4,NA,10174
4,3.5,3.5,3.5,3.5,NA,10174
4,4,4.5,4,4,NA,15214
4.5,4,4,5,4.5,NA,15214
4.5,3.5,4,4.5,3.5,NA,47707
5,4,4,5,4.5,NA,27809
4,4,4,4,4,5.6,503
4.5,2,4,3.5,4,5.6,30248
4.5,4.5,4,4,4,5.6,30248
4,3.5,4,3.5,3.5,5.6,30248
4.5,4,4,4.5,4.5,5.6,30248
3.5,4,4,3,3,NA,25827
4,3,4,3.5,3.5,NA,25827
2,2.5,3.5,3,3,NA,25827
2.5,3,2.5,3,2.5,NA,25827
3,3,3.5,3,3,NA,25827
3.5,3.5,4,2.5,2.5,13,73357
3.5,4,4,4,4.5,30.86,51466
4,4,4,4,3.5,57.7,73368
4,4.5,4.5,4,4.5,39.44,55712
4,4,3.5,4,4,43,57856
3.5,4,4,4,4.5,43,57856
3,3,3,2,3,39.44,55712
3,3.5,3.5,3.5,3.5,39.44,55712
3.5,4,4,4,3.5,NA,64391
3.5,3.5,4,3.5,3.5,10,39328
2.5,2.5,3,3,2.5,9.4,35821
3.5,3,3.5,3.5,3.5,9.4,35821
3.5,4.5,4.5,4,4,9.4,35821
3,3.5,3.5,3,3.5,9.4,35821
4,3.5,4.5,3,4,9.4,35821
4,3.5,4.5,3.5,3.5,9.4,35821
3.5,3.5,4,3.5,3.5,9.4,35821
4,4,3.5,3.5,3.5,9.4,35821
3,3.5,4,3.5,3.5,9.4,35821
4,3,3.5,3.5,4,9.4,35821
3,2,3.5,3.5,3,9.4,35821
4.5,4,4,3.5,3.5,9.4,35821
4,4.5,4,4.5,4,9.4,35821
4,3.5,3.5,4,3.5,9.4,35821
4,4,2.5,4.5,4,9.4,35821
4,4.5,3.5,4.5,3.5,9.4,35821
3,4,4,4,3.5,9.4,35821
2.5,2.5,4,2.5,2.5,9.4,35821
4.5,4,3.5,4.5,4,9.4,35821
4.5,3.5,4.5,4,3.5,9.4,35821
4,4,4,4,4,NA,15477
3.5,3.5,3.5,3.5,4,NA,35229
4,4,3.5,4,4,9.8,35228
4,4,4,4.5,4,NA,15478
4,4,4.5,4,4,NA,15478
4.5,4,3.5,4.5,4,NA,15478
4,4.5,4,4.5,4,11.3,72827
4.5,4.5,4,4.5,4.5,11.3,72827
4.5,3.5,3.5,4.5,4.5,11.3,72827
5,4.5,4,5,5,11.3,72827
4,3.5,3.5,4,4,11.3,72827
4.5,4.5,4,4.5,4.5,11.3,72827
4.5,4,4,5,4.5,11.3,72827
5,5,5,4.5,5,11.3,72827
3.5,4,4,2.5,4,11.3,72827
4.5,4.5,3,5,4.5,11.3,72827
5,5,4.5,4.5,5,11.3,72827
4.5,4.5,4,4.5,4.5,11.3,72827
4.5,4,4,4,5,11.3,72827
4.5,4.5,4,4.5,4.5,11.3,72827
4.5,4.5,3.5,4,4.5,11.3,72827
3.5,3.5,4,3.5,3.5,11.3,72827
4,4,4.5,5,4.5,11.3,72827
4,4,3.5,4,4,11.3,72827
4.5,4.5,4,4,4.5,11.3,72827
4,4.5,4,3,4.5,11.3,72827
4.5,5,4.5,4,4.5,11.3,72827
4.5,4.5,4,3.5,4.5,11.3,72827
3.5,4,3,3,3.5,11.3,72827
3.5,4.5,4,3.5,4,11.3,72827
3,4,3,3.5,3.5,4,45543
3,4,3,3.5,3.5,4.5,54216
3.5,3.5,3,3.5,3.5,4.5,54216
3,3,3,3,3,4.2,45855
4,3,3.5,4,4,4,45543
3,3,3.5,3.5,3,4,45543
3.5,3.5,3.5,3.5,3.5,4.5,45628
3,3,3.5,3.5,3.5,4.5,45628
5,4,4.5,5,4.5,5.3,16491
3,2.5,3.5,3.5,2.5,5.3,16491
4,4,4,4,4.5,5.3,16491
5,5,5,5,5,5.3,16491
4,3,3.5,3.5,3.5,5.3,16491
4.5,3.5,4,4,4,5.3,16491
4.5,4,3.5,5,4,5.3,16491
4.5,4,4,4,4.5,5.3,16491
4,4,4.5,4,3.5,4.8,71513
4,4,3.5,4,4,4.8,72200
4,3.5,3.5,3.5,3.5,4.8,62442
3.5,3,3.5,4,3.5,4.8,62442
3,3.5,3.5,3,3,4.8,62442
4.5,4,4,4,3.5,4.8,62442
3.5,3.5,3,3,3.5,4.8,62442
4,4,3.5,4,4,4.8,62442
4,4,4,4,4,4.8,62442
3.5,3.5,4,4,4,4.3,11709
4.5,4,4,4.5,4.5,4.3,11709
4,3.5,3.5,4.5,3.5,4.3,11709
2.5,3,3,2.5,3,4.3,11709
4,3.5,3.5,3,3.5,4.3,11709
4,3.5,4,3.5,3.5,4.7,55097
3.5,3.5,3.5,3.5,3.5,NA,15475
2,3,3.5,3,2.5,NA,15475
4,3.5,4,4,4,NA,15475
4,4,4,4,4,5.4,8514
3.5,4,4,4,4,5.4,8514
3.5,3.5,3,3.5,3.5,5.4,8514
4,3,4,4,3.5,5.4,8514
3.5,3.5,3.5,3.5,3.5,5.4,8514
4,3,4,4,3.5,4.37,22213
2,3,3.5,2,2,4.37,22213
3,2.5,3,3,3.5,4.37,22213
4,4,3,4,3.5,4.5,14413
2,3.5,3.5,3,2.5,NA,60696
4,4,4,4,4,NA,60696
2,2,2,2.5,1,4.5,14413
4,4,4,4.5,4,4.5,14413
4,3.5,3.5,3.5,3.5,4.5,14413
3.5,4,4.5,4,3.5,4.5,14413
4.5,4,4,4,4.5,4.5,14413
4,3.5,4,4.5,4,4.5,14413
4,3.5,4,4,4,4.5,14413
4,4,4.5,4,4.5,4.5,14413
4,3,3.5,3.5,4,4.5,14413
4,4,4,4,4,4.5,14413
3.5,3.5,3.5,3.5,4,NA,76729
3,3,3,3,2.5,NA,39028
3,2,3,2.5,2.5,NA,39028
3.5,3,3,3,3.5,NA,39028
1.5,2,3,2.5,1.5,6,40767
4,4,4.5,3.5,4,NA,31838
4,4,4,3.5,4,NA,31838
5,4,4,4.5,4.5,NA,31838
3.5,3.5,3,3,3.5,NA,31838
4,3.5,3.5,3.5,3.5,NA,16871
3.5,3,3,3,3.5,NA,24336
4,3.5,4,4,3.5,3.1,15130
4.5,4.5,4,4,4,3.1,15130
4.5,3.5,4,4.5,4.5,3,57686
5,4,4,3.5,4,3,27362
3.5,4,4,3,3.5,3.2,20243
4.5,3.5,4,4.5,4.5,3.8,6330
4.5,4.5,4.5,4.5,4.5,NA,13928
3.5,3.5,4,2.5,3.5,NA,13929
4.5,4,4.5,4,4.5,NA,13929
4.5,4,4.5,4,4,NA,13930
4,2.5,3,3,3.5,4,30272
4.5,3.5,4,3.5,4,4,30272
5,4,4.5,4,4.5,3,14301
4.5,4,4,4.5,4,3,14301
4,4.5,4.5,4,4,3,14301
4,3.5,4.5,4,4,3,14301
5,4,4.5,4,4,3,14301
4,4,4,3.5,4,3,14301
4.5,4.5,4,4,4.5,3,14301
4,4,4,4,4.5,4,18604
2,2,3,2,2.5,4.5,13349
2.5,3,3,2,2,4.5,13349
4,4,4,4,4,4,33116
3,3,3,2.5,2.5,3.5,49959
3.5,4,3.5,4,3.5,3.8,23326
2,2,2.5,2,1.5,NA,71830
3,3,4,3,3,6.1,1599
3,2.5,3,3,3,NA,7766
3,4,3,2.5,2.5,NA,7766
3.5,3,4,3.5,3,NA,7766
4.5,3.5,3,3,3.5,NA,7766
4,3.5,3.5,4,4,NA,7766
4,3.5,4,3.5,4,NA,7766
3,3.5,3.5,3,3,NA,7766
2.5,2.5,2.5,2,2.5,NA,7766
3.5,3,3.5,4.5,3.5,6.4,56259
3.5,3,4,4,3.5,6.4,56259
3.5,3,3,4,3.5,6.4,56259
4,4,4,4,4,6.4,56259
4,3.5,3.5,4.5,4,6.4,56259
3,3,2.5,3.5,3.5,6.4,56259
3.5,3,4.5,4,3.5,6.4,56259
3,3,3,3,3,6.4,56259
4,4,NA,3.5,4,6.4,56259
3.5,3.5,3.5,3.5,3,6.4,56259
3,2.5,3.5,4,3.5,6.4,56259
1.5,2,2.5,2,2,6.4,56259
4.5,4.5,4.5,4.5,4.5,6.4,56259
4,3,3.5,5,4,6.4,56259
3.5,3.5,4,3.5,3.5,6.4,56259
3.5,2.5,3.5,3.5,3.5,6.4,56259
3.5,3.5,3.5,4,3.5,6.4,56259
3.5,3,4,3.5,3.5,6.4,56259
4,4.5,3.5,4,4,6.4,56259
5,4.5,4.5,5,4,5,61478
4.5,4,4,4,3.5,5,61478
4.5,4,4,4.5,4.5,NA,27918
3.5,3,3.5,3.5,3.5,NA,27918
4.5,3.5,4,3.5,4,4.2,26562
3.5,3.5,3.5,4,4,3.8,71157
3.5,3,3,4,4,3.8,71157
2,2,3.5,3.5,1.5,4.2,11456
3.5,3.5,4,3.5,3,4.2,11456
4,4.5,4,4.5,4,4.2,11456
3,3,3.5,3,3.5,4.2,11456
4,4,3.5,3.5,4,4.2,11456
2,2,2,2,2,4.2,11456
4,3.5,3.5,4,3,4.2,11456
3.5,3.5,3.5,3.5,3.5,4.2,11456
3.5,3.5,4,3.5,3.5,4.2,11456
4,3.5,3.5,4,3.5,4.2,11456
4.5,3,3,5,4.5,4.2,11456
4.5,4,4,4,4.5,4.2,11456
4,3,4,4,3.5,4.2,11456
4,4,4,4,4.5,4.2,11456
4,4,4,4,4,4.5,71686
4,4,3.5,3.5,4,4.5,71686
3.5,3.5,3.5,4.5,3.5,5,74651
4.5,4,4.5,4,4,5,74651
3.5,3,4,4,4,5.4,53677
3.5,3.5,4,3,3,5.4,53677
4,3.5,4,3.5,4,5.4,53677
4.5,4,4,4,4,5.4,53677
3.5,3,3,4,3.5,5.4,53677
4.5,3.5,3.5,3.5,4,2.8,31630
2.5,2.5,4,2.5,2.5,3.4,30776
4,4,4,4,3.5,NA,42010
4.5,4,4,4.5,4.5,NA,42010
4.5,3.5,4,4.5,4,NA,44651
3,3,3,3,3,NA,42010
3.5,3,3.5,3.5,3.5,NA,10603
3.5,3.5,3,3.5,4,NA,10603
4,3.5,3,3,3.5,NA,10603
3.5,3,4,3.5,3.5,3.6,69255
2.5,3,3.5,1.5,3,NA,43604
3,3,3,3,3,NA,43604
3.5,2,2.5,2.5,3,NA,43604
5,3.5,4,4.5,4,4.2,32134
5,4,3.5,4,4,4.2,32134
4,4,4,3.5,4,4.2,32134
4.5,3.5,3.5,4.5,4.5,4.2,32134
4,4,4,4.5,4,4.2,3537
4.5,4,3.5,4,4,4.2,3537
3,3,3,3,2.5,3.9,12754
3.5,3.5,3.5,3.5,4,3.9,12754
4,2.5,3,4.5,3.5,3.9,12754
4,3.5,3.5,4,4,3.9,12754
4,4,4.5,4.5,4,3.9,12754
2.5,2,3,1,2,3.9,12754
4,4,4,3.5,5,3.9,12754
2,3,3,3,3,3.9,12754
3,3.5,4,3,3.5,3.9,12754
2.5,2.5,3,2,2.5,3.9,12754
4,4.5,4.5,3.5,4,4.6,42534
4.5,4,4.5,4.5,4,5.6,39314
2,3,2,3,2,5.6,44579
3,3.5,2.5,2.5,3.5,5.6,44579
3.5,3,3.5,4,3.5,5.6,44579
4,4,3,4,4,5.6,44579
3.5,3.5,3,3,3,5.6,44579
1,2,3,2.5,1,5.6,44579
3.5,4,4,3,3.5,5.6,44579
2,2.5,2.5,2,3,5.6,44579
3.5,3.5,4,3.5,3,5.6,44579
3,3.5,3,3,3,5.6,44579
4.5,3.5,3.5,4,4,5.6,44579
3.5,3.5,3,4,3.5,5.6,44579
3.5,3.5,4.5,3,4,5.6,44579
3.5,3.5,4,3.5,3.5,5.6,44579
4,4.5,4,4.5,4,5.6,44579
4.5,4,4.5,3,4,5.6,44579
4,3,4,3.5,4,5.6,44579
3.5,3.5,3.5,3.5,3.5,5.6,44579
4,4.5,3.5,4,4,5.6,44579
3.5,3.5,4,3.5,3.5,5.6,44579
4,3,3.5,4,3.5,5.6,44579
3.5,3,4,3,3.5,5.6,44579
3,3,3,2.5,2.5,5.6,44579
3,3,3,3,3,5.6,44579
3.5,3,4,3.5,3.5,5.6,44579
3.5,3.5,3.5,3.5,3.5,4.8,75708
3,3.5,3,2.5,3.5,5.5,29030
3.5,3.5,4,4,3.5,5.3,38865
3.5,4,4,3.5,3.5,5.3,38865
4,4,4,4,4,5,20017
4,4,4,4,4,5,20017
3.5,3,4,4,3.5,5.5,75940
3.5,3.5,3.5,3.5,4,4.6,178
5,4,5,4,5,4.6,178
4.5,4,3.5,4,4,4.6,178
2,3.5,3.5,2,2.5,5,52287
2,2,2.5,3,2.5,5,64540
4,3.5,4,4,3.5,4,48313
4.5,4.5,2,4,4,4,48313
3.5,3,3.5,3,3.5,4.6,23913
3.5,3.5,3.5,3.5,3.5,NA,46620
4,4,4,4.5,4.5,4.8,21110
3.5,3,4,3.5,3.5,4.8,21110
4.5,3.5,4,3.5,4,4.6,178
4,4,4.5,3.5,4,4.6,178
4.5,3.5,4,4,4.5,4.6,178
4,3.5,4,4,4.5,4.6,178
3,3,4,2,3,4.6,178
3.5,3.5,3,2,3.5,4.6,178
3,3.5,2.5,2.5,3.5,4.6,178
2.5,2.5,3,2.5,2.5,4.6,178
4,4,4,4,4,4.6,178
3.5,3,3.5,3.5,3,4.6,178
4,4,3.5,3,3.5,4.6,178
4,3.5,3.5,4,4,4.6,178
3.5,4,4.5,3.5,4,4.6,178
2,2.5,3,2,2.5,4.6,178
4.5,4,3.5,4,4,4.6,178
3,4,4,2,3.5,4.6,178
3,2.5,3,3,3,6.2,48213
3.5,4,3,3.5,4,8,68672
5,4,4.5,4,4.5,7.7,63460
5,4.5,4.5,5,5,7.7,63460
4.5,4,4.5,4.5,5,8.4,63020
5,4.5,5,4,4,8.4,63020
2.5,4,3.5,4,3.5,8.4,63020
4,4.5,4,4,3.5,9,56982
4,3.5,3.5,4,4,9,56982
4.5,4.5,4,4,4.5,9,56982
3,4,4,4,4,9,56982
3.5,4,4.5,4,3.5,9,56982
4,4,4,4.5,4,9,56982
3.5,3.5,3.5,4,3.5,7.5,40765
3.5,4,4,3,3.5,7.5,40765
2.5,3.5,3,3.5,3,7.5,40765
3.5,3.5,3,4,3.5,7.5,40765
4,4.5,4,4,4.5,7.5,40765
4.5,4.5,4,3.5,4,7.5,40765
4,3.5,4,4,3.5,7.5,40765
3,3.5,4,3,3,7.5,40765
3.5,4.5,3.5,3,3,7.5,40765
2.5,3,3,3,2.5,7.5,40765
2.5,2.5,2.5,3.5,3,7.5,40765
3.5,3.5,4,3,3.5,7.5,40765
4.5,3.5,4,3.5,4,7.5,40765
4.5,4,4,4,4,7.5,40765
2.5,3,2.5,2.5,3,7.5,40765
3,3,3,3,3.5,7.5,40765
3,3,4,3,3,7.5,40765
2.5,2.5,3,1.5,2,NA,1419
5,4.5,4,4.5,5,5.9,43944
4.5,4,3,4.5,4.5,5.9,43944
3.5,2.5,3,2,4,5.9,43944
4,4,4,4,4,5.9,43944
4,4,3.5,3.5,4,5.9,43944
3,3,4,3.5,3.5,4.5,18573
4,3,3.5,3.5,4,4.5,18573
3.5,3.5,4,3.5,3,4.5,18573
3.5,4,4,4,3.5,5,21521
4,4,4,4,4,5,21521
3,3,3.5,4,3,5,21521
4,4,4,4,4,5,21521
4,3.5,4,3.5,4,5,21521
4,4.5,4,3,4,5,21521
3.5,3.5,4,3.5,3,5,21521
4.5,4,3.5,4,4.5,5,21521
4.5,4,4,4,4,5,21521
3.5,3,3.5,4,4,5,21521
3,3.5,4,3,4,5,21521
3,4,3,3.5,3.5,5,21521
4,4,4,3.5,3.5,5,21521
4.5,3.5,4,4,4,5,21521
4,4,4,4,4,5,21521
4.5,4,4,4,4,5,21521
4.5,3.5,4,4,4,5,21521
5,4,4.5,4.5,5,5,21521
4.5,4.5,5,5,5,5,21521
4,4,4,4,5,5,21521
4,3.5,5,3,3.5,5,21521
3,3,3,3,3,5,3386
4,3,2.5,3.5,3.5,5,3386
4,3.5,3.5,3.5,4,5,3386
4.5,3.5,3.5,4.5,4.5,5,3386
2.5,2,2.5,2.5,2,5,3386
3.5,2.5,3,2.5,3,5,3386
2,2,2.5,3,2,5,3386
5,3,3,4,4,5,3386
5,2.5,2.5,3,3.5,5,3386
2,1,2,2.5,1.5,5,3386
4.5,3,3,3,3,5,3386
4,3,3,3,3,5,3386
4,3,3,3,3.5,5,3386
4.5,3.5,4,4.5,3.5,5,3386
2.5,2.5,3,1.5,2,4.7,33584
2,2,2.5,2.5,1.5,4.7,33584
3,2,2,3,3,4.7,33584
3,3,3.5,2,2,4.7,33584
2,2.5,3.5,2,1.5,4.7,33584
3.5,3,3.5,3,3.5,5,1414
2.5,2.5,2,2.5,3,5,1414
2,1.5,2.5,3,2,5,1414
3,3,3,3,3,5,1414
2.5,2.5,3,2.5,3,5,1414
5,4,4,4.5,3,5,1414
3,3.5,4,3,3,5,1414
2,2,2.5,1.5,2.5,5,1414
2.5,2.5,2.5,2.5,2,5,1414
2,3,3,3,2,5,1414
2.5,1.5,2,2,2.5,5,1414
3.5,3.5,4,3,3,7.5,66308
3,2.5,3.5,2.5,2.5,7.7,22604
4,4.5,3,4,3.5,7.7,22604
4,2,2,1.5,1.5,7.7,22604
2,2.5,2,2.5,2.5,7.7,22604
3.5,3,2.5,2.5,2,7.7,22604
2,2.5,3.5,3,2.5,10,23315
1.5,2,2.5,3,1.5,10,22609
3,3,3.5,2.5,2.5,7.5,57800
3.5,3,4,3.5,3.5,5.8,56735
3,3,2.5,3,2.5,6.4,27585
1.5,2,2,2,2,8,27589
3,3,2.5,3,3,8,27589
2,2.5,2,2.5,2,8,27589
2,2,2,2.5,2,8,27589
1,1.5,2,1.5,1,8.5,13545
1.5,1.5,1.5,1.5,1.5,8.5,13545
2.5,2,2,1.5,2,8.5,13545
3,3,3.5,3,3,8.5,13545
3.5,3.5,3,3.5,3.5,9.5,40176
3,3.5,3.5,3.5,3,9.4,41613
3.5,3.5,3,3.5,3,9.4,41613
4.5,4,3.5,4.5,5,9.4,41613
2,2,2.5,3,2,9.4,41613
2.5,3,3,3,3,9.4,41613
3,3,3.5,3,2,9.4,41613
3.5,3,3,3.5,3.5,9.4,41613
3.5,3,3.5,3.5,4,9.4,41613
3,3,3.5,2.5,3,9.4,41613
2,3,3.5,3,3,9.4,41613
3,3.5,2.5,3,3,5.8,4371
5,5,4,5,4.5,5.6,6824
4,4.5,4,4,4.5,5.6,6824
3.5,3,3.5,3.5,4.5,5.6,6824
4,3,3.5,3.5,3.5,5.6,6824
4.5,4,4,4.5,4,5.6,6824
4,3.5,4,4,3.5,5.6,6824
5,3,4,4,4.5,5.6,6824
5,4.5,4.5,4.5,5,5.6,6824
4,4,3.5,4,4.5,5.6,6824
4.5,4,3.5,4,4,5.6,6824
4.5,4,4,4,4.5,5.6,6824
4,4,3.5,3.5,4,5.6,6824
4.5,3.5,4,4,4.5,5.6,6824
4.5,4,4,4,5,5.6,6824
1.5,2,1.5,1.5,2,3.8,16892
4,3.5,4,4,4,3.8,16892
4,3.5,3.5,3,3.5,3.8,16892
4.5,4,4.5,4,4.5,3.8,16892
2.5,3.5,3,3.5,3,3.8,16892
5,5,4,4,4,5.5,40448
4,4,3.5,4,4,5.5,35881
4.5,4,4,4,4,5.5,35881
4,3.5,4,3.5,4,5.5,35881
4,3.5,4,3.5,4,NA,20016
3,4,4.5,4,4,NA,20016
3.5,2.5,3.5,3,3.5,4.8,10656
3,2,3.5,4.5,3,5.8,24444
3,3.5,4,4,3,5.8,24444
3,3.5,3.5,3,3.5,4.5,15131
4,4.5,4,4,4,5.7,70363
3.5,4,3.5,4,3.5,5.7,70363
4,4.5,4,4,4.5,5.7,70363
4,4.5,4,3.5,4,5.7,70363
4.5,4.5,4.5,4,4,5.7,70363
4.5,4,4,4.5,4.5,5.7,70363
4.5,4,4,4,4,5.7,70363
4,4.5,3.5,4,4,5.7,70363
4,4,4,3.5,4,5.7,70363
4.5,4,3.5,3.5,4.5,5.7,70363
4,3.5,2.5,4.5,4.5,5.7,70363
3.5,4,3,3.5,4,5.7,70363
4,4,4,3.5,3.5,5,16859
4.5,3,3.5,4,3.5,5,16859
3.5,3.5,3,3.5,3,5,16859
4,3.5,4,4,4,5,16859
5,3.5,3.5,2.5,4,5,16859
3.5,3.5,3.5,4,4,5,16859
4,3.5,4,3.5,3.5,5,16859
4,4,3.5,4,4,5,50538
3.5,3.5,3.5,3.5,3.5,5,50538
2,1,3.5,2.5,2,5,50538
4,4,4,4.5,4.5,5,50538
2,1.5,2.5,3.5,2,5,50538
3.5,3.5,3.5,4,3.5,5,50538
1.5,1.5,4,3,2,5,50538
4,4.5,4.5,4,4,5,50538
2,2,3.5,2.5,2,5,50538
4.5,4,4.5,4,4,5,50538
4,4,4,4,4,5,7761
4,4.5,3.5,4,4,9,74027
3.5,3,4,3.5,3.5,9,74027
3.5,3.5,3.5,4,4,9,74027
3.5,3.5,4,3.5,3.5,6,63654
4,4.5,4,3,4,6,63654
3.5,3.5,3.5,4,3.5,6,63654
4,4,3.5,4,4,6.6,62689
2.5,3,2.5,2.5,2.5,6.6,62689
4.5,4.5,4,4,4.5,8.8,67360
4.5,4.5,4.5,4.5,4.5,8.8,67360
3,4.5,3.5,4,4,8.8,67360
4,5,4,3.5,4.5,8.8,67360
4.5,4.5,4,4,4.5,8.8,67360
4,4.5,3,3.5,4,8.5,65862
4,4,3.5,3.5,4.5,8.5,65862
4,4,4,4.5,4,8.5,65862
4.5,4,4,4,4,8.5,65862
4.5,4.5,4,5,5,8.5,65862
4,4.5,3.5,4,4.5,8.5,65862
4,3.5,4,3.5,4.5,8.5,65862
4,4,4,4,4,8.5,65862
4,4,4.5,4.5,4,8.5,65862
4,3.5,4,4,4,8.5,65862
4,4,4,4,4,8.5,65862
4,4,4.5,4.5,4.5,8.5,65862
4,4.5,4.5,4.5,4,8.5,65862
4,4.5,4,4,4,8.5,65862
4,4.5,4,4,4,8.5,65862
3,4,3.5,2,3,8.5,65862
3.5,5,2,3,4.5,8.5,65862
4.5,4,4,4,4,NA,62718
3.5,4,4,3,3,NA,57675
4,3.5,3.5,4,4.5,NA,57675
3.5,4,4,3,3.5,NA,57675
3,3.5,3.5,3.5,3.5,NA,57675
4,4,4,4,4,NA,57675
4,3.5,4,4,4,NA,57675
3,3,3,2.5,2.5,NA,57675
3,4,3,3,3,NA,57675
2.5,3,4,4,2.5,NA,57675
4.5,5,4.5,4.5,4.5,NA,57675
4,4.5,4,4.5,3.5,6,46089
3,3,3,3,3,6,55030
4,4,4,4,3.5,6.5,49830
5,4.5,4,4.5,4,6.5,49830
4,4,4,3.5,4,6.5,49830
5,4,4,4.5,4,6.5,49830
4,4.5,4,4,4,6.5,49830
4.5,4,4,4.5,4,7.5,54888
4.5,4,4,5,5,7.5,54888
5,4.5,4,4.5,5,7.5,54888
4.5,4.5,4,4,4.5,7.5,54888
5,4.5,4.5,5,4.5,7.5,54888
4.5,4.5,4.5,4.5,4.5,7.5,54888
4,4,4,4,4,7.5,54888
4,4,4.5,4.5,4,7.5,54888
3,4,3.5,3.5,3.5,7.5,54888
4.5,4.5,4.5,4.5,4,7.5,54888
4,4.5,4,4.5,4.5,7.5,54888
4.5,4.5,4,4.5,4.5,7.5,54888
3,2.5,3,3,3,6.5,48215
4.5,4.5,4,4.5,4.5,NA,58128
3.5,4,4,3.5,3.5,5.4,41490
4,3.5,4.5,4.5,3.5,7,49718
4,4,3.5,4,4.5,7,49718
4,4,4,4,4,7,49718
3.5,3.5,4,3.5,3.5,7,49718
2.5,3,2,2.5,3,5.5,11493
3.5,3.5,3,4,3.5,5.5,11493
3.5,3.5,3.5,4,3.5,5.5,11493
3.5,4,4,3.5,3.5,5.5,11493
3.5,3.5,4,3.5,3,5.5,11493
4,3.5,3.5,4,4.5,5.5,11493
4.5,4,3.5,4,4,5.5,11493
3,4,3,2,3.5,5.5,11493
2.5,3,2,2,3,5.5,11493
2,2,2,2.5,1.5,5.5,11493
2.5,3.5,1.5,2.5,2,5.5,11493
2.5,2.5,2.5,2.5,2,5.5,11493
3,3,3,2,3.5,5.5,11493
4,3.5,2.5,4,3,5.5,11493
4,2.5,2,4,3,5.5,11493
3,3.5,3.5,3,3,5.5,11493
3.5,3,3.5,3,3.5,5.5,11493
4,4,4,3,4,5.5,11493
3,3.5,3,3,3,5.5,11493
2.5,2.5,3.5,2,2,5.5,11493
3.5,3.5,3.5,3.5,3.5,5.5,11493
1.5,4,2,2.5,2,5.5,11493
4,3.5,3.5,4,4,5.5,11493
2.5,3.5,3,2.5,3,4.7,60951
3.5,3.5,3,4,3.5,5,37917
3,3.5,4.5,3.5,3,NA,30090
4.5,5,4,5,4.5,5.5,64379
3.5,4,3.5,3.5,3.5,6,43602
3.5,4,3.5,3.5,4,6,43602
3.5,3.5,3,3.5,3.5,4.5,34569
3,3,3,2.5,3.5,4.5,34569
3,1.5,2.5,3.5,2.5,4.5,34569
3.5,4.5,3.5,3,4,4.5,34569
4.5,4,4,4.5,4.5,6.5,48911
4,4,4,4,4,7,59548
2,2.5,3,1,2,NA,40146
3,4,3.5,2.5,2,NA,40146
2,3.5,3.5,2.5,2,NA,40146
2,3,3,2.5,2,NA,40146
2.5,3.5,3,2.5,2.5,NA,40146
2.5,3.5,4,3,3.5,NA,40146
2.5,3,3.5,3.5,2.5,NA,40146
3.5,4,3.5,3.5,3.5,NA,40146
4,4,4,4,4,NA,40146
1.5,2,3.5,4,2.5,NA,40146
4.5,3.5,4,4,4.5,NA,40146
3.5,4,4,3.5,3.5,NA,40146
4.5,4.5,3.5,4,4.5,NA,40146
1,2,2,2.5,1,4.3,38982
1,2.5,2.5,2.5,2,4.3,38982
3.5,3.5,3.5,3.5,3.5,4.3,38982
3,3,3,3,2.5,4.3,38982
4,4,4,4,4,4.3,38982
3,3,3.5,2.5,3,5,47969
4,3,3.5,4,4,4.8,49803
3,4,4,3,3,5.2,3274
4.5,4,5,4,4.5,5.2,3274
3.5,3.5,3.5,4,3.5,4.8,49803
4,3,4,3.5,3.5,4.8,49803
4.5,4.5,3.5,4,4,4.8,49803
2.5,2.5,3,3,2.5,5,1413
3.5,2.5,3,2,3,5,1413
3.5,2.5,3.5,3,2.5,5,1413
3,2.5,2,3,3,5,1413
3.5,3,3.5,3,3.5,NA,40394
3.5,3.5,3.5,3.5,3.5,5.2,31935
2,4,2,3,2.5,5.2,31935
4.5,4,3.5,5,4,NA,44354
3,3,3.5,3,3,NA,9824
4,3.5,3.5,3.5,4,NA,9824
4,3,3,4,4,NA,9824
4.5,3.5,4,4,4,NA,9824
5,4,4,4.5,4.5,NA,9824
4,3.5,3.5,3,3,NA,9824
3.5,3,4,3.5,4,NA,9824
3,3,3.5,3,2.5,NA,9824
3,3,3,3.5,3,NA,9824
3.5,3,4,4,3.5,NA,9824
2,3.5,3.5,3,2,NA,9824
4,3.5,3.5,3.5,3.5,NA,9824
3,2.5,3,3.5,2.5,NA,9824
3.5,3,3.5,3,2.5,NA,9824
3,3,3,2.5,2.5,5,28469
4,3.5,4,3.5,3.5,5,66677
2.5,3.5,4,4,3,5,66677
4,4,4.5,4,4,5,66677
2.5,2.5,4,3.5,1.5,5,66677
3.5,3.5,4,4,3,5,66677
4,3.5,4.5,4,4,5,66677
4,4,4,4,4,5,66677
3,3.5,3.5,3.5,3,5,66677
3.5,3,4,3.5,3.5,5,66677
3,3,3.5,3.5,2.5,5,66677
2,2.5,3.5,3.5,2,5,66677
3.5,4,4,4,3.5,5,66677
3.5,3.5,4,4,3.5,5,66677
4,4,4,3.5,3.5,5,66677
4,3.5,4,4,4,5,66677
4,3.5,4,4.5,4,5,66677
4,4,4,4,4,5,66677
4,4,4,3.5,3,5,66677
3.5,3.5,4,3,3.5,5,66677
4,4,4,4,3.5,5,66677
3.5,3.5,4.5,4.5,3.5,5,66677
3,3,4.5,3.5,3,5,66677
3,2.5,4.5,3.5,3.5,5,66677
4,3.5,4,4,4,5,66677
3.5,3.5,4.5,4,3.5,5,66677
3.5,3.5,4.5,3.5,3.5,5,66677
3.5,3.5,4.5,3.5,3.5,5,66677
4,3.5,3.5,3.5,3.5,5,66677
4,4.5,4.5,4,4,5,66677
2.5,3.5,4,4,2,5,66677
4.5,4.5,4,3.5,4,5.8,75559
4,4,3,3.5,4.5,5.8,75559
3.5,4,3.5,3.5,3.5,5.8,75559
4,4,3.5,3.5,4,5.8,75559
4,3.5,3.5,3.5,4,5.8,75559
3.5,4,3.5,3,3.5,5.8,75559
3.5,3.5,3,3.5,3.5,5.8,75559
4,3.5,2.5,3,4,5.8,75559
4,4.5,3,2.5,3.5,5.8,75559
4,4,4.5,4,3.5,5.8,75559
4,4,4,4,4.5,5.8,75559
4,4.5,4,4,4,5.8,75559
3.5,4.5,2.5,2,4,5.8,75559
4,4,2,4,4,5.8,75559
4,4,2.5,3.5,4,5.8,75559
4.5,4,4.5,4,4.5,5.8,75559
3.5,4.5,3.5,3,3.5,5.8,75559
4.5,4.5,5,4.5,4.5,5.8,75559
4,4.5,4,3.5,4.5,5.8,75559
4.5,4.5,4,4.5,4,5.8,75559
3.5,3.5,4,4,3.5,5.8,75559
4,4,4,4,4,5.8,75559
4,4,4,4,4,4.5,1796
3.5,4,4,4,4.5,7.2,6097
3.5,3.5,3.5,3.5,3.5,4.5,1796
3.5,3.5,4,3.5,3.5,4.5,1796
1,2,2.5,2.5,1,4.5,1796
3.5,3.5,4,3,3.5,4.5,1796
3.5,3.5,3.5,3.5,3.5,4.5,1796
3,3.5,3.5,3.5,3.5,4.5,1796
1,1.5,1,1,1,5,11968
2.5,2,2,1.5,1.5,5,11968
2.5,2,3,2,1.5,5,11968
3,1,1,1,1,5,11968
1.5,1,1.5,1,1,5,11968
1,2,1.5,1,1,5,11968
1.5,1.5,1,1.5,1.5,5,11968
2.5,2,2,2,2.5,5,26215
2,2,3.5,2,2,5,26215
2,2,2,2,2,5,26215
5,3,4,4,4,5,32654
2.5,3.5,3,2.5,2.5,5.5,19641
3.5,3.5,4,1.5,3,5,32654
3.5,2.5,2.5,3.5,2.5,5.5,19641
2.5,2.5,2.5,2.5,3,5.5,19641
4,3,3,3.5,3.5,5.5,19641
3,3,3,3,2.5,5.5,19641
4,3,3,3,2.5,5.5,19641
4,3,3,3,3.5,5.5,19641
2.5,2.5,4,2.5,2.5,5.5,19641
4,2.5,4,1.5,3.5,5.5,19641
1.5,3,4,2,1,5.5,19641
3.5,3,3.5,3,3,5.5,19641
3.5,3,3,3,3,5.5,19641
2.5,2.5,3.5,2.5,2,5.5,19641
3,2,3,3,2,5.5,19641
3,2.5,3,3,2.5,5.5,19641
3,2.5,2,2,2.5,5.5,19641
1,2,2,1,1,5.5,19641
3,3,3,3,3.5,5.5,19641
1.5,2,2.5,1.5,1.5,5,47986
4,4,3,4,3.5,5,20575
4,3.5,3,4,4.5,4.5,73291
3.5,3.5,3,3,3.5,5.5,27229
4,4,3.5,3.5,3.5,5.5,2776
3.5,4,4,3.5,4,5.5,2776
4,3.5,3.5,4,4,5.5,2776
4,3,4,4,4,5.5,2776
4.5,4.5,4,4.5,4.5,5.5,2776
4,4,3,4,4,5,65208
1.5,2.5,3,2,2,NA,50343
3.5,3.5,4.5,3.5,4,5,20504
2.5,3.5,1.5,3,2.5,NA,3644
2,2.5,3.5,2,2,NA,3644
2,2,2,2.5,2.5,NA,3644
3.5,3,4,3.5,3,NA,3644
3.5,3,3.5,3.5,4,NA,3644
4,4,4,4.5,3.5,NA,3644
4,3.5,4,4.5,4,NA,3644
3.5,4,4,4,3.5,NA,3644
4,4,4,4,4,NA,3644
3.5,3.5,4,3,3.5,NA,3644
2,2,3,3,2,NA,3644
4.5,4.5,4,4,4.5,NA,3644
4,4,3.5,3.5,3.5,4.6,23668
4,3.5,3,3.5,3.5,4.6,23668
3.5,3.5,3,4,4,6,36862
4,4,4.5,4,4,6,36862
4,4,3,3.5,3.5,6,36862
3.5,3.5,4,4,4,6,36862
3,3.5,3.5,3,3.5,4.7,52159
3.5,3.5,3.5,4,4,4.7,52159
3,2.5,3.5,2,3.5,4.7,52159
4,3,3.5,3.5,4,4.7,52159
4.5,3.5,5,4,4,4.7,52159
5,5,4,4,4,4.7,52159
4,4,4,3.5,4,4.7,52159
4,4.5,3,2.5,3,4.7,52159
3.5,4,3,3,4,4.7,52159
2.5,3,4,3,2.5,7.5,27666
4,4,3,3.5,4,5.7,56687
2,2.5,2,2,2,5,30199
2.5,2.5,2.5,2,2,5,30199
2.5,4,3,3,3,6.5,64745
3,3,4,3,2.5,4.7,48047
2.5,1.5,3.5,2,2,4.7,48047
3,2.5,2,3.5,3,4.7,48047
3,3,2.5,4,3,4.7,48047
3,2,3.5,3,3.5,4.7,48047
2,2,3,3,2,4.7,48047
3,3,2,3,3,3.5,72064
2.5,2,3,2.5,2.5,3.5,72064
3,5,4.5,4.5,4.5,6,6417
4.5,4,4,4,4,NA,17719
3.5,3.5,4.5,3.5,3.5,NA,56523
2,2,2.5,3,2,NA,15916
4.5,3,3.5,5,4.5,NA,44891
3.5,4,3,4,4,NA,41383
4.5,4.5,4.5,4.5,4.5,NA,41383
4,4.5,4,4.5,4.5,NA,46208
3.5,4,4.5,4,3.5,4.5,68668
4,4,4,4,4,4.8,43364
5,5,4,4.5,5,4.8,43364
4.5,4.5,4,4,4.5,4.8,43364
3.5,3.5,3.5,2.5,3.5,NA,11162
4,4,4,4,4,7.5,55193
4,4,4,4.5,4.5,7.5,55193
3.5,4,4,3,4,7.5,55193
4,3,4,3.5,3.5,5,65209
4,3.5,4,4,3.5,NA,68736
4.5,4,4,4,4,4.7,56001
4.5,4.5,4,4.5,4,NA,24298
4,3,4,3,3.5,3.8,17094
3.5,3,4,3,3,3.8,17094
4,4,4,4,4,3.8,17094
4,3.5,4,3.5,4,3.8,17094
4,4,4.5,4,4,3.8,17094
5,4,5,4,4.5,3.8,17094
4,3.5,4,3.5,4,3.8,17094
4,4.5,4.5,4,4.5,3.8,17094
4,4.5,5,5,4,3.8,17094
5,4,4.5,4.5,4,3.8,17094
3.5,3.5,4,3.5,3.5,3.8,17094
3,2.5,4.5,2,3.5,3.8,17094
4,4,4,3.5,3.5,3.8,17094
3.5,3,4,3.5,3.5,3.8,17094
3.5,3.5,3.5,3,3.5,3.8,17094
1.5,3.5,4,3,2,3.8,17094
3.5,3,3.5,3,3.5,3.8,17094
4.5,4,4,4.5,4.5,3.8,17094
3.5,3,4,4,3.5,5.4,59984
4,4,4.5,4.5,5,5,46254
2.5,2,3,2.5,2,5,46254
3.5,3,3.5,3.5,3.5,5,27597
3,3,3,4,3,5,27597
3.5,3,3,3,3.5,5,27597
3.5,3.5,4,3,3,5,27597
3,3,3.5,2.5,3,5,27597
2,3,2,2,3,5,27597
3.5,3.5,2.5,3,3.5,5,27597
3,3.5,3,3,3,5,27597
2,2.5,3.5,2.5,2.5,5,27597
3.5,3.5,4,4,4,5,27597
3,3,4,3.5,3,5,27597
3.5,3.5,3.5,3,3.5,5,27597
4,4,3,3,3.5,5,27597
4,4.5,3.5,3.5,3.5,5,27597
3.5,4.5,4,3,4,5,27597
4,4.5,3,4,3.5,5,27597
3.5,3.5,3,3.5,3.5,5,27597
2.5,2.5,2.5,2,2,5,27597
2,3,4,2,2,5,27597
3,4,3.5,3,3,5,27597
2.5,3,2.5,3,2,5,27597
3,3,3,2,3.5,5,27597
3,2.5,4,3,3,5,27597
3.5,3.5,4,4,3.5,5,27597
2.5,2,2,3,2.5,5,27597
3,2.5,2.5,2.5,3,5,27597
3.5,2.5,2.5,3,3.5,5,8590
3.5,3.5,3.5,3.5,4,NA,21964
2,2,2.5,1.5,2,4.3,31132
3,2.5,2.5,1.5,2.5,4.3,31132
2,3,2.5,2,2,4.3,31132
3,2,3,3,2.5,4.3,31132
2.5,2.5,2.5,1.5,2,4.3,31132
1.5,2,1.5,1.5,2,4.3,31132
2.5,2,2,2.5,2.5,4.3,31132
2,2,3,2.5,2,5,2779
4,1.5,3,2.5,2.5,5,2779
2.5,2,2,2.5,2.5,5,2779
3,2,3,2.5,2.5,5,2779
3.5,2,3,3,3,5,2779
3.5,2.5,3,3,2.5,5,2779
3,2.5,3,2.5,3,5,2779
2,2,2,2,2.5,5.5,28330
2.5,2,3,2.5,2.5,5,2779
4,2,2,3,3,5,2126
3.5,3.5,2.5,3.5,3,5,2126
3.5,3,3,3,3,5,2126
4,2.5,3,4,4,5,2126
4,3,3.5,4,4,5,2126
3,3,2.5,2.5,3,5,2126
2.5,2,2.5,2,2.5,5,2126
3,3,3.5,4,3,5,2126
3.5,3,3,3.5,2.5,5,2126
3,3.5,4.5,2,3.5,5,2126
3.5,3.5,3,4.5,2.5,5,2126
3,2,2.5,3,2,5,2126
4,3,3,4,4.5,5,2126
4.5,4.5,4,4,4.5,4.2,56980
4,3,4,3.5,3.5,4.2,56980
4,3.5,4,4,3.5,4.2,56980
4.5,4.5,4,4,4,4.2,56980
4.5,4,3.5,4,4.5,4.2,57668
3.5,3.5,3,3.5,4,4.2,57668
4,3,3.5,4,4,4.2,57668
4,3.5,4,3.5,4,4.2,57668
4.5,4.5,4,4.5,4,4.2,57668
5,4,4,4.5,4.5,4.2,57668
4.5,4,3.5,4,4,4.2,57668
4,4,4.5,4,4.5,4.2,57668
4,3.5,3.5,3.5,4,4.2,57668
4,3,3.5,3.5,3.5,4.2,57668
3.5,3,3,3,3,4.2,57668
4,3,4,4,3.5,4.2,57668
4,3.5,3.5,4,3.5,5.2,37930
4,4,4,3.5,4,5.2,37930
4,4,4,3.5,4,NA,18509
4.5,3.5,4,4,4,NA,18509
4,4,3.5,4,4,NA,18509
5,4.5,3.5,4.5,4.5,NA,65490
4.5,3.5,4.5,3.5,4,4.8,40980
4.5,3.5,4.5,4,3.5,4.8,40980
4.5,4,3.5,4,3.5,4.8,40980
4,4,3,2.5,4,4.8,40980
4,3,3,3.5,3.5,4.5,57853
3,3,3,2.5,3,NA,34650
4,4,4,4,3.5,4.8,24890
4.5,4,4.5,4,4.5,NA,18576
2,2,2,2,2,5,32661
1.5,2.5,2.5,2,2,5,32661
4,3.5,4,4.5,4,5,32661
3,3,3,3,3,5,32661
3,3,3,3,3,5,32661
4,3.5,3,4,3.5,5,32661
2.5,2.5,3,2.5,2,4,5652
3.5,2,4,3.5,3.5,NA,71003
4,3.5,3.5,3,3.5,5.1,36951
3.5,3.5,3.5,3.5,3,5.1,36951
2.5,1.5,2.5,1.5,2,5.1,36951
2.5,3.5,2,3.5,2.5,5.1,36951
4,3.5,3.5,4,4,5.1,36951
4,4,3.5,3.5,3.5,5.1,36951
4.5,3.5,2.5,4,3.5,4.7,35870
4,3,3.5,4,3.5,4.7,35870
3.5,4,3,2.5,3,NA,21716
3,3,4,3,3,4.2,50600
3,3,3,3,3,4.2,50600
4,3,3,2.5,3,4.2,50600
4.5,3.5,4,4,3.5,4.8,58649
4,3.5,3.5,4,4,4.8,58649
4,4,4,3.5,4,5.5,873
4.5,4,4.5,4.5,4,5.5,873
3.5,4.5,3.5,4,4,5.5,873
3.5,3.5,3.5,3.5,3.5,5.5,873
4.5,4.5,4,3.5,3.5,5.5,873
4.5,3.5,4,4,4,5.5,873
5,5,4.5,4.5,5,5.5,873
4.5,4,4,4.5,4,5.5,873
4,4,3,3.5,4,1.2,73723
3.5,3.5,3,3,3.5,1.2,73723
3.5,4,4,3,3,0.5,65445
2,3,2.5,2.5,1.5,NA,70786
4,3.5,3.5,3,4,NA,70983
3,2.5,3,3,3.5,NA,70983
3.5,3,4,4,3.5,3.8,50221
4.5,3.5,4,4,4.5,3,60850
4,4,4,4,4.5,3,60850
5,4,4,4.5,4.5,3,60850
4.5,4,3.5,4,4,3,60850
5,4,3.5,4,4,3,60850
5,4,4,4,4,3,60850
4.5,4,4,4,4,3,60850
5,4.5,4,4,4.5,3,60850
3.5,3.5,4,3,3.5,3.8,50221
4,3,4,3.5,3.5,3.8,50221
4,3.5,4,3.5,4,3.8,50221
4.5,3.5,3,3,3.5,3.8,50221
3.5,3.5,3.5,4,4,3.8,50221
4.5,4,3.5,4,4,3.8,50221
4,3.5,4,4.5,3.5,3.8,50221
4,4,3.5,3.5,4,3.8,50221
4,3.5,3.5,3.5,3.5,3.8,50221
4.5,3.5,4,3.5,4,3.8,50221
4,4,3,3.5,4,3.8,50221
3.5,3,3.5,3.5,3.5,3.8,50221
4.5,4,3.5,3.5,4,3.8,50221
4,3,4.5,5,4.5,3.8,50221
5,4,4,3.5,4,3.8,50221
3.5,3,4,4,3.5,4.8,23327
5,3.5,3,4.5,4.5,NA,63470
2.5,3,3.5,3,2.5,4.6,2726
4,4.5,4.5,4.5,4,4.6,2726
4,3.5,4,4,3,4.6,2726
4,4,3.5,3.5,3.5,4.6,2726
4,3.5,4,4.5,4,4.6,2726
3,3,3,3,3.5,4.6,2726
3.5,3.5,2.5,3,3.5,4.5,72425
4,4,4.5,4.5,4,4.5,72425
3,3,4,3.5,3,4.5,72425
4.5,4,5,5,5,5,46255
4,2,2,2,1.5,5,46255
3,2.5,3,2.5,3,4.5,75267
3.5,3,4,3.5,4,4.7,26853
3,2,2.5,4,3,4.8,37559
2,3,2.5,2,2.5,NA,20273
4,4,4,4,4,4.8,22169
4.5,4,4,4.5,4,4,27753
4.5,3.5,4,4,4,4,27753
4,4,3.5,4,4,4,27753
3.5,3.5,3,3,2.5,4,27753
3.5,3.5,4,4,3,4,27753
3,3.5,4,3.5,3,4,27753
4.5,3.5,3.5,3,3.5,4,27753
4,4,4,4,4,4.5,19201
4,3.5,4,4,3.5,4.5,19201
4,4,4.5,3.5,3,4.5,19201
3,3,3,3,3,4.5,19201
3.5,2.5,4,3.5,4.5,6.1,40629
4,4,4,4.5,4,NA,49002
3,3.5,4,3,4,NA,49002
4.5,4.5,4,4.5,5,NA,49002
4,4.5,4,4,4,NA,52095
3.5,4,4,3.5,3.5,NA,52095
4,4,4,3.5,3.5,NA,52095
3,4,4,3.5,3,NA,52095
3.5,3.5,3,3,3.5,6,48605
4,4,3.5,4,4,6,48605
3,3.5,3.5,3.5,3,NA,51158
3.5,3.5,3.5,3.5,3.5,NA,51158
3.5,4,3.5,3.5,4,NA,51158
3.5,3,3.5,3.5,3.5,NA,51158
3.5,4,4,3.5,3.5,NA,51158
4,4.5,3.5,3,4,9,53449
4,3,3.5,3,2,NA,23330
2.5,2.5,4,2.5,2.5,NA,23330
4,4,4,4,4.5,NA,31760
4.5,4,4.5,4.5,4,NA,31760
4.5,5,4.5,4.5,5,NA,31760
3.5,3.5,3.5,3.5,3.5,9.5,49731
4,3.5,4,3.5,4,9.5,49731
3.5,3.5,3.5,3,3.5,5.75,72394
4,4,4,4,4.5,NA,70470
4.5,4,4,4,4.5,NA,70470
4.5,4.5,4.5,4.5,5,NA,70470
3.5,4.5,3,3.5,4,NA,70470
4.5,4.5,4,4,4.5,NA,70470
4.5,4.5,3,3.5,4.5,NA,70470
3.5,3.5,3.5,3.5,4,5.3,60415
3.5,3.5,3.5,4,4,6,50525
3,3.5,3.5,3.5,3,6,50525
3.5,3,3.5,3,3.5,6,50525
3,4,4,3,3.5,6,50525
3.5,3.5,3.5,3.5,3.5,6,50525
2,3.5,3.5,2.5,2,6,50525
2,2.5,4,2.5,2,6,50525
4,4.5,4,3.5,4,6,50525
3,3,4,3,3,7,73241
3.5,4,4,4,4,NA,37103
2,3,4,4,3,NA,37103
4,3.5,4,3,4,NA,37103
4,4,4,4,4.5,NA,37103
4.5,4.5,4,3.5,3.5,NA,37103
4.5,4,4,4,4,NA,37103
3,3.5,4,3.5,4,NA,37103
3,3,3.5,4,4.5,NA,37103
4.5,4,3.5,4,4.5,NA,37103
3.5,3.5,4,3.5,4,NA,37103
5,4.5,4,5,4.5,10,72009
4.5,2.5,3.5,3.5,4.5,5.5,50364
4,4.5,4,4.5,5,5.5,50364
3.5,3.5,3,4,4,5.5,50364
3.5,3.5,4,4,4,5.5,50364
4.5,4.5,4,3.5,4.5,5.5,50364
4,4,4,4,4,5.5,50364
4.5,4,4,4,4.5,5.5,50364
4.5,4,4.5,4.5,4.5,7,38709
4.5,5,5,4.5,5,7,38709
4,4,4,4,4.5,7,38709
3,2,3,2.5,2.5,3.5,436
2.5,3,3,2,2,3.5,436
3,2,2,2,3,3.5,436
3,3,3,2,2,3.5,436
3.5,2.5,3.5,3,3,3.5,436
3.5,3,2.5,3,2.5,3.5,436
4,2,2,3,3,3.5,436
3,3,3,3,3.5,NA,30084
3,2,2,2,2,3.5,436
2.5,2,2.5,3,3.5,3.5,436
1.5,3,2.5,1.5,1.5,3.5,436
4.5,3,2.5,4,3.5,3.5,436
1,2,2.5,2,1.5,3.5,436
4,1,2,2,2,3.5,436
2,1,2,2,2,3.5,436
3,3,3.5,2.5,2.5,3.5,436
2.5,2.5,4,3,2.5,3.5,436
2,1.5,2,2.5,2,3.5,436
2,1.5,1.5,2.5,1.5,3.5,436
1.5,1.5,3.5,2.5,2,3.5,436
2.5,2,3,3,2,3.5,436
3,2,3,2.5,2,3.5,436
2.5,2,2,2.5,2,3.5,436
4,2,2,2,3,3.5,436
3,3,2,2.5,2.5,3.5,436
3,2,2.5,3,2.5,3.5,436
3.5,3,2,2,2,3.5,436
3.5,3.5,3,3,3.5,3.5,436
2,2,2.5,1.5,2.5,3.5,436
3.5,2,2.5,1.5,2,3.5,436
3,3,3.5,3,3.5,0.1,59239
3.5,2,3.5,3,2.5,0.1,59239
2,2.5,2.5,2,2,2.2,22808
2,2,3.5,2.5,2,2.2,22808
2,3,4,3.5,2,0.5,53523
4.5,3.5,3,3,3.5,2.4,22968
3.5,4,3.5,4,3.5,2.4,22966
1.5,2,2,2.5,3,NA,5636
3,2.5,4,1.5,2,NA,5636
3,3.5,4,3,3,NA,5636
4.5,3,3,3,3,NA,5636
3,3,3.5,2.5,2.5,NA,5636
2,3.5,2,2,2,NA,5636
2.5,1,4,3,2,NA,5636
1,1,1,1,1,NA,5636
1,1,1,1,1,NA,5636
2.5,2.5,3.5,3,2,NA,5636
2.5,2,3.5,2,3,NA,5636
3,3,3.5,3.5,3,NA,5636
1,1,3,2,1,NA,5636
1,1,1,1,1,NA,5636
1.5,1,2,1.5,1.5,NA,5636
1.5,2.5,2,1.5,2.5,NA,5636
3,2,3,3,3,NA,5636
3.5,3.5,4,1.5,3,NA,5636
3.5,2.5,4,3,3.5,NA,5636
4,2.5,3,3,3,NA,5636
1,1,2,1.5,1.5,NA,5636
4,3,3.5,3,2.5,NA,5636
3,3,3.5,2.5,3.5,NA,5636
4,3.5,4.5,4,4,7.1,70395
3,3,4,3,3,NA,1417
2.5,3,3,3.5,2.5,NA,39519
4,4,4,4,4.5,NA,39519
3.5,4,4,3,4,NA,39519
2,4,2.5,3.5,3,NA,39519
2.5,2,3,3.5,2.5,NA,50575
4,3.5,4,4,4,NA,50575
4,4,4,4,4.5,NA,50575
5,3.5,4,4,4,NA,50575
4,3.5,3.5,4,4,NA,50575
4,3.5,4,4,4,NA,50575
4,3.5,4.5,4,4,7.1,64816
4.5,3,4,2,4,3.1,19898
3.5,3.5,3.5,3.5,3.5,3.1,19898
2.5,2,3.5,2,2,3.1,19898
4,4,3.5,3.5,4,3.1,19898
2,3,4,2,1.5,NA,58132
4,4,4,4,4,NA,58132
4,3,3.5,3,3.5,NA,10857
3,3.5,3.5,3,3.5,NA,10857
4,4,4.5,4,3.5,NA,18527
3.5,3.5,4,3.5,4,NA,18527
4,3.5,3,3,3.5,NA,17862
3,3,4,3.5,3,6,36732
5,3.5,2.5,3.5,4.5,6,36732
2,3,3,2.5,2.5,6.2,50411
3,4,2.5,3,3,NA,16077
3.5,3,4,3.5,3.5,NA,64709
2,2,3,2,2,6.6,38807
3.5,3.5,4,3,4,4.8,27799
4.5,4,4,4.5,4.5,5.6,74998
4.5,4,4,4.5,4.5,7.8,61745
4.5,4.5,4.5,4.5,4.5,7.8,61745
4.5,4,4,4,4.5,7.8,61745
4.5,4.5,5,4,4,NA,69706
4,4,3.5,4,4,NA,69706
3.5,4,4,4,3,NA,1326
3.5,3.5,4.5,3.5,4,NA,1326
3,3.5,3.5,3,3,NA,1326
4.5,4,3.5,3,4.5,6.4,47570
4,4.5,4.5,3.5,4.5,6.4,47570
4,5,4,4.5,4.5,6.4,47570
3.5,4,4,3.5,4,6.4,47570
4,4.5,4,3.5,4,6.4,47570
3.5,4,4.5,4,4,6.4,47570
3,3,3,3,3,5.5,52556
4,3.5,4,4,4,5.5,52556
3.5,3.5,4,3.5,3.5,5.5,52556
4.5,4,2.5,4,4,5.5,52556
3,3.5,3.5,3,3,5.5,52556
3.5,3,3.5,2.5,3,5.5,52556
4.5,4,3.5,4,4,5.5,52556
4.5,4.5,4.5,3.5,4,5.5,52556
4,3.5,3.5,3,3.5,5.5,52556
3.5,3.5,4,3.5,3.5,5.5,52556
4,5,4.5,4,4.5,5.5,52556
4,4,3,2,3.5,5.5,52556
4,3.5,4.5,3.5,4,5.5,52556
3,4,3.5,3,2.5,5.5,52556
4,3.5,3.5,3.5,4,NA,40395
1.5,2,2,1,1.5,4.4,37175
2,2,2,2,2,4.4,37175
3.5,4,3.5,3.5,4,4.9,48061
3,3,4,3,3,4.7,64879
4,2.5,4,3.5,4,NA,9825
3.5,4,3,3,3,NA,9825
4.5,4,4,4,4,NA,9825
3,3,3.5,3,3.5,NA,9825
3,4,4.5,2.5,3.5,NA,9825
3.5,4,3.5,3,4,NA,9825
3,4,4,4.5,4,NA,9825
4,3.5,4,4,4,NA,9825
4,3.5,4,4,4,NA,9825
3.5,3,3.5,4,4,NA,9825
4.5,3,4.5,4,4,NA,9825
3.5,3,3.5,3,3.5,NA,9825
3.5,4,3.5,3.5,3,NA,9825
2.5,3.5,2,3.5,3,5.5,70732
4,4,3,3,4,6.5,17162
3,3.5,4,4,3,6.5,17162
4.5,3.5,4,3.5,5,6.5,17162
3,3.5,3.5,3,3,6.5,17162
4,2.5,4,3,3.5,6.5,17162
2.5,2.5,3.5,2.5,3,6.5,17162
3,3,3.5,3,3,NA,52155
4.5,3.5,5,4,4,NA,15320
3.5,3.5,4,3.5,3.5,NA,52155
2.5,1.5,3,2.5,3,4.7,45116
2,2,3.5,2,2,4.7,45116
3.5,3,3.5,3,3.5,5.2,51426
4,3.5,3.5,4,3.5,5.2,51426
4.5,3.5,3.5,4.5,4,NA,41262
3,3,3,4,3,8,67578
2.5,3.5,3.5,2,2.5,8,67578
4,4.5,4,4,4.5,4.8,24296
4,3.5,4,4,4,NA,52156
3,2,3,3,2,NA,17205
4,3.5,4.5,3.5,4,NA,17205
4.5,4,4,4,4.5,4.3,29145
4,3,3.5,3.5,3.5,NA,40400
4.5,4,4,4,4.5,4.3,7810
4,4,4,3.5,4,4.3,7810
3,3.5,4.5,3,3.5,NA,45722
3.5,3.5,3.5,4,4,4.9,6769
4,4.5,4,4,4.5,4.9,6769
3.5,3,3.5,3.5,3.5,4.9,6769
4,4,4,4,4,4.9,6769
4.5,4,4,4.5,4.5,4.9,6769
4,3.5,4,4.5,4,4.9,6769
3.5,3.5,3,3.5,4,4.9,6769
2,1.5,4,4,3.5,4.9,6769
4.5,3.5,4,4,4,4.9,6769
5,4.5,4,4,4.5,4.9,6769
3.5,3.5,4,3,3,4.9,6769
4,3,4,3,3,4.9,6769
4,3.5,3.5,3.5,4,4.9,6769
4,4,4,4,4.5,4.9,6769
2,2.5,3,2,2.5,4.9,6769
3.5,2.5,2.5,3.5,3,4.9,6769
4.5,4,4,4,4,6.3,54330
4,4,3.5,4.5,4,5.5,13289
4.5,3.5,3.5,4,3.5,5.5,13289
4.5,4.5,4,4,4.5,5.5,13289
4.5,3.5,3.5,4,3.5,5.5,13289
5,3.5,4.5,4,4.5,5.5,13289
3.5,4,4,3.5,3.5,5.5,13289
5,4,4,5,4,5.2,65568
3.5,3.5,3.5,4,3.5,4.9,8717
3.5,2,3.5,4,4,4.9,8717
3,3,3.5,3.5,3,4.9,8717
3.5,3,3,3,3.5,4.9,8717
3,2.5,2.5,2.5,2.5,4.9,8717
4,3,3.5,4,3.5,4.9,8717
4,3.5,3.5,3.5,4,4.9,8717
3.5,3.5,4,3,3,4.9,8717
3.5,3.5,3.5,3,3.5,4.9,8717
3.5,2,3,3,3.5,4.9,8717
3,3,3.5,3.5,3.5,4.9,8717
4,3,3.5,3.5,4,4.9,8717
3.5,3,3,3.5,3,4.9,8717
2,2,3.5,3,2,4.9,8717
3,3,4,3,3,4.9,8717
4,2.5,3,3,3.5,4.9,8717
3.5,3.5,3.5,3.5,3.5,4.9,8717
5,2.5,3,3,3,4.9,8717
3.5,3.5,4,3,4,4.9,8717
4,4,3,3.5,4,4.9,8717
4,4,3,3.5,4,4.9,8717
4,4,4,4,4,NA,50632
3,3,2.5,3,3,7.2,10789
2,1.5,2.5,2.5,2,7.2,10789
3.5,3,3.5,3,2.5,NA,32712
3.5,4,4.5,4,4,4.5,59986
5,4.5,4.5,5,5,NA,28271
4,4,4.5,4,4.5,NA,25721
3.5,3,4,3.5,3.5,5,26856
4.5,4,4.5,4,4,5.4,43922
4,4,4,4,4.5,NA,54123
3,3,3,3.5,3.5,NA,54123
4.5,4.5,4.5,4.5,5,NA,54123
4.5,3.5,4,4,4,NA,54123
3.5,4,4,4,4,5.9,35378
4.5,4.5,4,4,4.5,5.9,35378
1.5,3.5,3,2,1.5,5.9,35378
2.5,3.5,3,2,2,5.9,35378
3,3.5,4.5,2.5,3,5.9,35378
2.5,3,4,2,2.5,5.9,35378
4,4,3.5,4,4,5.9,35378
5,4.5,5,4.5,4.5,5.9,35378
2.5,3.5,3.5,2.5,2.5,5.9,35378
3.5,3,3.5,3.5,3.5,5.9,35378
4,3,4,4,4.5,5.9,35378
3.5,4,4.5,3,3.5,5.9,35378
4,4,3.5,3.5,4,5.9,35378
2.5,4,4,1,1.5,5.9,35378
3,3,3.5,3.5,3,5.9,35378
4,3,4.5,4,3.5,5.9,35378
4,4,4,4,3.5,5.9,35378
4,4,4,3.5,4,5.9,35378
4,4,4,4.5,4.5,8,41532
4,4,4,4,4,8,41532
4,4,3.5,3.5,4,8,41532
4,4,4,4,3.5,8,41532
4.5,4.5,4,4,4,8,41532
4,4,3.5,4,4,8.8,52269
4.5,4,4,4,4.5,8.8,52269
4,4.5,4,4.5,4,8.8,52269
4,4.5,3.5,3.5,4.5,12,54265
4.5,4,4.5,4.5,4,12,54265
4.5,4.5,4,4,4.5,12,54265
5,4,4,4.5,4.5,12,54265
4,4,4,4.5,4,8,47710
5,4,5,4,4.5,8,47710
3.5,4,4,4,4,8,47710
3.5,3.5,4,3.5,3.5,NA,33286
3,3.5,4.5,2.5,2.5,NA,33286
3,3.5,3.5,3,3,NA,33286
3.5,3.5,3,4,3,NA,33286
3,3.5,3.5,2.5,2.5,NA,33286
2.5,2.5,3,2.5,2.5,NA,33286
3.5,3,3.5,3.5,3,NA,33286
4,4.5,4,4,4.5,10.5,57959
4.5,4.5,4.5,3,5,10.5,57959
3.5,4,4,4.5,3.5,10.5,57959
4,4,4,4,4,10.5,57959
3.5,4.5,4,4,3.5,10.5,57959
4,4,4.5,4.5,4.5,10.5,57959
4.5,4,4.5,4,5,10.5,57959
4.5,4,4,4.5,4.5,10.5,57959
3.5,3.5,3.5,3,3,NA,30089
4.5,4.5,4,4,5,5,26817
4.5,4,4,4.5,4.5,4.5,33272
3,3,4,3,2.5,4.5,33272
2,3,3.5,3,2,4.5,33272
3.5,3.5,3.5,4,3.5,5,62782
3.5,3.5,4,4,3.5,5,62782
4,4,3.5,4,4,5,62782
4,4.5,4,4,4,8.4,52211
4,3.5,2.5,2,2,6.2,46252
4,4.5,3,3.5,4,8.4,52211
4,4,4,4,4.5,8.4,52211
4,3.5,3.5,3.5,3.5,8.4,52211
4,5,3.5,3.5,4,8.4,52211
3,4,4,4,3,8.4,52211
3.5,3.5,2.5,3.5,3.5,8.4,52211
4,4.5,3,3,4,8.4,52211
3.5,3,4,3,3.5,8.4,52211
4,4,4,4,4.5,8.4,52211
3.5,4,3.5,3.5,4,8.4,52211
4,4,3.5,3.5,4,8.4,52211
3.5,3.5,2.5,2.5,3.5,8.4,52211
3.5,4,4,4,4,8.4,52211
3.5,4,3,4,4,8.4,52211
4,4,3.5,4,4,8.4,52211
3,4,4,3.5,4,8.4,52211
3,4,3.5,3,4,8.4,52211
4.5,4.5,4,3.5,4.5,8.4,52211
3,4,3.5,3.5,3,8.4,52211
4.5,4.5,3.5,4.5,4.5,8.4,52211
3,4,4,3,3,11.5,69510
4.5,4,4.5,4,4.5,12.8,65526
4,4,3.5,3.5,4.5,12.8,65526
1,3,3,3,1.5,9.8,16073
3.5,4,4.5,3.5,3.5,9.8,16073
3.5,4,3.5,4,3.5,9.8,16073
2.5,4,4,2.5,3,9.8,16073
3,4.5,3,3,4,9.8,16073
3.5,3,3,4.5,3.5,9.8,16073
4,4.5,4,4,4,9.8,16073
4.5,4.5,4,4.5,4.5,9.8,16073
4,4,4,4,4,9.8,16073
4,4,4,4,4.5,9.8,16073
4,4,3,4,4,9.8,16073
4,3.5,4.5,4,4.5,9.8,16073
4,4.5,4,4.5,5,9.8,16073
3.5,4,3.5,3.5,3.5,9.8,16073
4,4.5,4,4.5,5,9.8,16073
4,3.5,4,3.5,4,9.8,16073
4,4,2.5,4,4,9.8,16073
4,3.5,2,4,4,9.8,16073
4,4,3,4,4,9.8,16073
4,4,4,4,4,9.8,16073
4.5,4.5,4.5,4.5,4.5,9.8,16073
2,4,2,2,2.5,9.8,16073
3,4,4,3,3.5,9.8,16073
2.5,4,3,3,3.5,9.8,16073
3.5,4,3,3.5,4,9.8,16073
3,2.5,3.5,3,3,9.8,16073
3,3.5,4,3,3.5,9.8,16073
4.5,4.5,3,4,4.5,7.4,58046
4,4,4,3,4,7.4,58046
4,4.5,4,3.5,4,7.4,58046
4.5,5,4.5,4,4.5,7.4,58046
4,4.5,4,4,4.5,7.4,58046
4.5,4.5,4,4,4.5,7.4,58046
5,5,3.5,3.5,5,7.4,58046
4.5,4.5,4,4,4.5,7.4,58046
4.5,5,4,4,4,7.4,58046
4.5,4.5,3.5,4,4.5,7.4,58046
4.5,4.5,4,4,4,7.4,58046
5,4.5,4,4,5,7.4,58046
4,4,4.5,4,4,7.4,58046
4.5,4.5,4,4,4,7.4,58046
4,4,4,4,4,7.4,58046
4,4,3,4,4,7.4,58046
3,4.5,3,2,3,7.4,58046
4,4.5,4.5,4,3.5,7.4,58046
3.5,3.5,4.5,4,3.5,7.4,58046
4.5,5,3.5,4.5,4.5,7.4,58046
4.5,4,4,4.5,4.5,7.4,58046
5,4.5,3.5,4,5,7.4,58046
4,4,4,4,4,7.4,58046
4,4,3.5,4,4,7.4,58046
3.5,5,3.5,3.5,4,7.4,58046
4,4,3.5,4,4,7.4,58046
4.5,4,4,4.5,4,7.4,58046
4,3.5,4,3,3.5,7.4,58046
4.5,4,4,4,4.5,7.4,58046
4,4,3.5,4.5,4,7.4,58046
4,3.5,3.5,3.5,3.5,NA,65082
4,4,4,4,4,NA,65082
4,4,4,4,4,NA,69410
4,3.5,4,4,3.5,NA,23234
3,3,3,3,3,5.1,68490
4,4,3,4,4,5.7,68586
3.5,3.5,3.5,3.5,4,4.2,62587
4,3.5,4,3.5,4,4.2,62587
4.5,4.5,4,4.5,5,4.2,62587
3,3.5,3.5,3,3,4.2,62587
4,3.5,3.5,4.5,4,4.2,62587
4,4,4,4,4,4.2,62587
4.5,4,4.5,4,4,4.2,62587
3.5,4,3.5,3.5,4,4.2,62587
3,3.5,3.5,3,3,4.2,62587
4.5,4,4.5,4.5,4,4.2,62587
4,4,4,4,4,4.2,62587
3.5,4,3.5,3.5,3.5,6,18077
4.5,4,4,4,4.5,NA,38728
3.5,3.5,3.5,3.5,4,6,18077
4,4,4.5,3.5,4,6,18077
4,4,4,4,4,6,18077
4,3.5,4,4,4,6,18077
4,3,4.5,3.5,4,5.1,68902
4.5,4,4,4.5,4.5,5.8,66413
4.5,4.5,4.5,4.5,4.5,5.8,66413
4.5,4,4,4,4,4.8,74365
4,4,3,4,4,5.2,29895
3.5,3.5,3.5,3.5,4,4.8,58938
3.5,4,3.5,4,3.5,4.8,58938
4.5,4,4,4,4.5,8.8,20818
4,4,3.5,4,4,8.8,20818
4,4,4,3.5,4,8.8,20818
4,3.5,3,4,4.5,8.8,20818
4,4,4,4.5,4,8.8,20818
4,4,2.5,4.5,4,8.8,20818
4,4,4.5,4,4,8.8,20818
4.5,4,4,5,4.5,8.8,20818
4.5,4,4.5,4,4.5,8.8,20818
3.5,3,3.5,4,4,8.8,20818
4,4,4.5,4,4.5,8.8,20818
4.5,4,4,4.5,4.5,8.8,20818
5,4.5,4.5,4.5,5,8.8,20818
5,5,5,5,4.5,8.8,20818
4,4,4,4.5,4.5,8.8,20818
4.5,4,4.5,4.5,4.5,8.8,20818
4,3,3.5,3,4,8.8,20818
4,4,4,3.5,4,8.8,20818
4.5,4.5,4.5,4,5,8.8,20818
4.5,4,4,4.5,4.5,8.8,20818
3,4,3.5,4,4,8.8,20818
3.5,4,4,4,3.5,8.8,20818
3.5,3.5,4,4,4,8.8,20818
4,3.5,4.5,4,3.5,8.8,20818
4,4,4,4,4.5,8.8,20818
4.5,4,4,4.5,4.5,8.8,20818
4.5,4,4,4.5,4.5,8.8,20818
5,4.5,4.5,5,5,8.8,20818
4,4,4.5,4,4,8.8,20818
4,4,4,4.5,4,9.4,47695
4.5,3.5,3.5,4,4,5,26419
4.5,4,4,4,4,7.6,24016
4,3.5,4,4.5,4.5,6.6,16074
3.5,4,3.5,3,4.5,6.6,64348
4,4,4,4,4,6.6,64348
3.5,3.5,3.5,3.5,3.5,6.6,64348
4.5,4,3,5,4,6.7,40248
4,4,4,4.5,4,6,72329
4,3.5,3.5,3.5,3.5,6,64538
4,4,4,4,4,6.9,44914
4,4,4.5,3.5,4,6.9,44914
3.5,3.5,3.5,4,4,5.6,61638
4,4,3.5,4,4,NA,57687
4,4,4.5,4,4,NA,57687
3,3,2.5,3,3,NA,4421
4.5,4,4.5,4,4.5,NA,4421
2.5,3,2,3,2.5,NA,67723
3,3.5,3.5,3,3,6.1,56000
3.5,4,3,3,4,6.1,56000
3,3.5,3,3,3.5,5.8,45348
3,2,3,3,3.5,5,41315
3,3,3,2.5,3,5,41315
3,3.5,3,3,3,5,41315
1.5,2,1.5,1.5,2,5,41315
2.5,2.5,3.5,2.5,2,5,41315
3.5,2.5,3,3,3,5,41315
1.5,2,3,2,2,5,41315
2,3,3,3,3,5,41315
2,2,3,2.5,2,5,41315
3,4,3,3,4,5,41315
4,4.5,4,4,4.5,7.2,62022
3.5,3.5,3.5,3.5,3.5,NA,24779
2,4.5,4,3.5,4,NA,24779
4,3.5,4,4,3.5,10,42541
4,4.5,4,4.5,4,10,42541
3.5,3.5,3.5,3.5,3.5,10,42541
2.5,2,3,2,2.5,7.2,62022
2.5,3,3.5,2.5,2.5,7.2,62022
4,3.5,3.5,4,3.5,7.2,62022
4,3.5,4,4,4,7.2,62022
4,3.5,3.5,NA,3.5,7.2,62022
4,3.5,4,4.5,4,7.2,62022
4,4,3,4.5,4,7.2,62022
4,3.5,4,3,3.5,7.2,62022
3,4,3.5,3,3.5,7.2,62022
3,2.5,3.5,3,2.5,7.2,62022
3,3,3.5,3,3,7.2,62022
3,4.5,3,4,3.5,7.2,62022
4,3,3.5,3.5,3.5,7.2,62022
2.5,3.5,3.5,3,3,7.2,62022
3.5,3,3.5,3,3,7.2,62022
4,2.5,3,3.5,2.5,7.2,62022
3.5,3,3.5,3.5,3.5,7.2,62022
3.5,3.5,3,4,3.5,7.2,62022
5,3.5,3,3.5,3.5,7.2,62022
3,3.5,3.5,3.5,3,7.2,62022
3,2,2,4,2,7.2,62022
2.5,3.5,3.5,3.5,2.5,7.2,62022
3,2,2,3,2,7.2,62022
3.5,3.5,3.5,3,3.5,7.2,62022
4.5,4,4,4,4.5,5,65089
5,4.5,4.5,4.5,5,5.9,32306
5,4,4,4,4.5,5.9,32306
3,3,3.5,2.5,3,7.25,70562
4,4,3.5,4,4,7.25,70562
3.5,3.5,4,3.5,3.5,8,72146
4.5,4,4.5,4,4.5,8,72146
4,3.5,4,4,3.5,8,72146
3.5,4,3.5,3.5,4,8,72146
4,3.5,3.5,4,4,6,64423
4.5,3.5,3.5,4,4,6.3,43904
4,4,3.5,4,4,NA,58776
3.5,3.5,4,4,4,NA,58776
3,3.5,3.5,3,2.5,5.5,40140
3,1.5,3.5,4,3.5,5.5,40140
3.5,3,4,3,4,NA,69949
3.5,3.5,3.5,3.5,3.5,4.9,69174
3,3,3.5,2.5,2.5,4.9,69174
3,2,3,3,3.5,4.9,69174
3,3.5,2.5,2.5,3.5,4.9,69174
4,3.5,3.5,3,3.5,4.9,69174
4,3.5,3,3,4,4.9,69174
3.5,4,3.5,3,3,4.9,69174
2,3,2,2.5,2,4.9,69174
2,3,2.5,1.5,2,4.9,69174
3,3,4,4,3.5,4.9,69174
3.5,4,4,4,4,4.9,69174
3.5,3.5,3,3,3.5,4.9,69174
4,3.5,3.5,2.5,2.5,NA,77066
4,4,3.5,4,4,NA,67768
2,3,4,3,2,5,42953
5,4,3.5,4,4,NA,63467
4,3.5,4,4,4,5.2,47864
3.5,3.5,4,3.5,3.5,5.2,47864
4.5,4,4,4.5,4,4.8,32084
3.5,3.5,4,4,3.5,5.1,64327
4,4.5,3.5,4,4,5.1,64327
3.5,3.5,4,4,3.5,5.1,64327
3,3.5,4,3,3.5,5.5,45923
3.5,3.5,3.5,2,3.5,5.5,45923
4,4,4,4,4.5,5.5,45923
3,3.5,3,2.5,3.5,5.5,45923
3.5,4,3.5,3,3.5,5.5,45923
3.5,4,4,3,3.5,5.5,45923
4.5,4,4.5,3,4.5,5.5,45923
4,3,4,4,4,5.5,45923
4,3.5,3.5,4,4,5.5,45923
3.5,3.5,3.5,3,3.5,5.5,45923
4,3,4,3,3.5,5.5,45923
3.5,3.5,4,3.5,3,5.5,45923
4,3.5,4,3.5,4,5.5,45923
3.5,4,3.5,3.5,3.5,5.5,45923
4,4,3.5,4,4,5.5,45923
5,4,4.5,4,4.5,NA,20422
4,3.5,4,3,4.5,NA,20422
4,3.5,3.5,4,4,NA,20422
4.5,3.5,4,4.5,4,NA,20422
5,4,4.5,4.5,5,NA,20422
5,4,4,5,4.5,NA,20422
4,4,4,4.5,3.5,NA,20422
3.5,4,4.5,3.5,3.5,NA,20689
4,3.5,4,3.5,3.5,NA,20689
4.5,4,4,3.5,4,7.7,8284
5,4.5,5,5,4.5,7.7,8284
3,2.5,3,3,3.5,7.7,8284
4,4,3.5,4,4.5,7.7,8284
4,4,4,3.5,4,7.7,8284
5,5,4.5,4.5,4.5,7.7,8284
3.5,4,4,4.5,4,7.7,8284
3.5,4,3.5,3.5,4.5,7,17010
3.5,3.5,4,3.5,4,7,17010
2.5,2,3.5,3.5,2,7,17010
2.5,2.5,3,3,2.5,7,17010
2.5,3.5,3.5,3,3.5,7,17010
4,3.5,4.5,3.5,3.5,7,17010
4,4,4,3.5,4,7,17010
2.5,4,3.5,2,2,7,17010
3,3,3.5,2.5,3.5,7,17010
3.5,3.5,4,3.5,4,7,17010
2.5,3,3,3,2,7,17010
4,4,4,4.5,4.5,7,17010
4,4,4.5,4.5,5,7,17010
4,4,4.5,3.5,4.5,7,17010
3,3.5,4,3,3,7,17010
2.5,3.5,4,4,2.5,7,17010
4,4,4,4,3.5,7,17010
3.5,4.5,3.5,4,3,7,17010
5,4.5,4,4.5,5,7,17010
3.5,3.5,3.5,4,3.5,7,17010
3.5,3.5,4,4,3.5,7,17010
4,3.5,4,4,3.5,5.7,43945
3.5,3.5,4,4,3.5,4.4,26909
4.5,4.5,4,4.5,5,4.2,36661
3.5,3,4,3.5,3.5,NA,7519
4,3.5,4,4,4,NA,7519
4.5,4,4,4.5,4.5,4.5,1557
4,3,4,3.5,3.5,4.5,1557
2,2.5,3,2,2,4.5,1557
3,2,4,2,3,4.5,1557
4,3.5,3.5,4,4,4.5,1557
3.5,4,3.5,4,4,4.5,1557
3.5,4.5,4,4.5,3.5,4.5,1557
3.5,3.5,3.5,3.5,3.5,4.5,1557
4,3.5,3.5,3.5,3.5,4.5,1557
4,4,4,3.5,4,4.5,1557
4,4,4.5,4,4,4.5,1557
4,4.5,4.5,3.5,4,4.5,1557
4,4.5,4,4,4,4.5,1557
4,3.5,4,4,4.5,4.5,1557
4,3.5,4.5,4,4,4.5,1557
3,3.5,4.5,3,3,4.5,1557
4,4,4,4,4,4.5,1557
3,3.5,4,3,3,4.5,1557
3.5,3.5,3.5,3.5,3.5,4.5,1557
4,4,3.5,4,3.5,4.5,1557
3.5,3.5,4,4,3.5,4.5,1557
3.5,4,3.5,4.5,4.5,4.5,1557
4.5,3.5,4,4,3.5,4.5,1557
4,4.5,4,4,4,4.5,1557
4.5,4.5,4.5,4,5,4.5,1557
3.5,3,4,3.5,3.5,5.4,45344
3.5,3.5,3.5,3,4,5.4,32264
3.5,3.5,3.5,3,3.5,5.4,32264
3,3.5,3,3,3.5,4.5,50267
4,4,4,4,4,6,69968
3.5,3.5,4,3.5,3,4.4,5756
4,4,4,4.5,4,4.4,5756
4,4.5,4,4,4,4.4,5756
4,4.5,3,3.5,4,4.4,5756
4.5,4.5,4,4,4.5,4.4,5756
4,4.5,4,4.5,4.5,4.4,5756
4,5,4,3.5,4.5,4.4,5756
4.5,5,3.5,4,3.5,4.4,5756
3.5,4,4,4,4,4.4,5756
3.5,3.5,3.5,4,3.5,4.4,5756
3.5,4.5,4.5,4,4,4.4,5756
4,3.5,4,3,3.5,4.4,5756
2.5,3.5,3.5,4,2.5,4.4,5756
4,4,3.5,3.5,4,4.4,5756
3.5,4.5,4.5,3.5,4,4.4,5756
4.5,4,4,3.5,4.5,4.4,5756
3,4.5,4,4,4,4.4,5756
4,4,4,4,4,4.4,5756
4,4.5,4,4,4,4.4,5756
4.5,3.5,4.5,4,4.5,4.4,5756
3.5,4,4,4,4,4.4,5756
4.5,4.5,4,4,5,4.4,5756
4,4,3.5,4,4.5,4.4,5756
4.5,4,4,4,4,4.4,5756
4.5,4,3.5,4,4.5,4.4,5756
4,4,4,3.5,4,4,73020
4.5,4,4,4,4.5,7,69677
4.5,4,4.5,4,4.5,7,69677
2.5,2.5,2,3,2,7,69677
3,3,3.5,3,3.5,7,69677
4.5,4.5,3.5,4.5,5,7,69677
3.5,3.5,3.5,4,3.5,7,69677
4,4.5,4,3.5,4.5,7,69677
4,4,4,4,4,5.5,44687
3.5,4,3.5,4,4,5.5,44687
2.5,1.5,1.5,3,2.5,5,38552
1,1,2,1,1,5,38552
3.5,3.5,4,3,3.5,5,38552
3.5,3,3.5,3,3,5,38552
3.5,3,3,3.5,3.5,5,38552
2.5,3,2,2,3,5,38552
3,3,4,3.5,3,5,38552
3.5,3.5,4,3.5,4,5,38552
3.5,3.5,2.5,2.5,3.5,5,38552
3,3,3,2.5,3,5,38552
2.5,2,3,3,3,5,38552
2,3,2.5,2,2.5,5,38552
4,3,4,4,3,5,38552
3,2.5,3,3,2.5,5,38552
1.5,2,3.5,3,1.5,5,38552
1,1.5,4,3,1.5,5,38552
3,3,3,3,3,5,38552
2,2.5,1.5,1.5,1,5,38552
3,3,1.5,1,2.5,5,38552
3.5,4,3,3,3.5,5,38552
4,3.5,3.5,4.5,3.5,10,38226
4,3.5,4,4,4.5,10,38226
4,4,3.5,4,4,10,38226
4.5,3,4,3.5,3.5,10,38226
3.5,4,3,3.5,3.5,10,38226
3.5,3.5,4,2.5,3,10,38226
3.5,4,4,4,3.5,10.9,61864
4,3,4,3.5,3,8.5,48551
3,3.5,4,3.5,2.5,8.5,48551
2,2.5,2.5,2,2,8.5,61003
2.5,3.5,4,4,3.5,8.5,61003
3.5,3,4,3.5,3.5,8.1,64924
3.5,4,4,3.5,3.5,10.9,14454
2.5,4,4.5,2.5,2,10.9,14454
4,3.5,3.5,3.5,4,10.9,14454
4,4,4,4,4,10.9,14454
3.5,4,4,4,3.5,10.9,14454
4.5,4,4,4,4.5,10.9,14454
4,4,4.5,4.5,4,10.9,14454
3,4,4,3.5,3.5,10.9,14454
3,4,3,1,2,10.9,14454
3.5,4,3,3,3.5,10.9,14454
3,3,3,3,3,10.9,14454
3.5,3.5,4.5,3,4,10.9,14454
2,3.5,3,2.5,2.5,10.9,14454
1,3,1.5,1,2.5,10.9,14454
3.5,4,4,3.5,3.5,10.9,14454
3.5,3.5,4,3,4,10.9,14454
3,3.5,4,3.5,3,10.9,14454
2.5,3,4,3,3,10.9,14454
3,3,3,3,3,6,49485
3.5,3.5,4,3.5,3.5,5.8,5547
3.5,3,3.5,3.5,3.5,5.8,5547
2.5,3,4,3.5,3.5,5.8,5547
4,2,4,4,4,5.8,5547
4,3,4,3.5,3,5.8,5547
3,3,3.5,3.5,3.5,5.8,5547
3,3.5,3.5,3,3.5,5.8,5547
3.5,3,3,2.5,3,5.8,5547
3.5,4,4.5,3.5,4,5.8,5547
4,3.5,3,4,4,5.8,5547
4,3.5,3.5,3.5,3.5,5.8,5547
3.5,3,4,3.5,3.5,5.8,5547
3,3.5,4,3,4,5.8,5547
3.5,2.5,3,3,3,5.8,5547
4,3,4,3,3.5,5.8,5547
4,2.5,3.5,3,3,5.8,5547
4,3,4,4,3.5,6,66024
4,3.5,4,4,4,6.8,53591
3.5,3.5,4,4,3.5,6.8,53591
4,4,3.5,4,3.5,NA,59408
4,4,4,4,3.5,NA,37394
3,3.5,3.5,3,3.5,4,31427
2.5,3,3.5,3,3,6.5,11126
3,3,3.5,3.5,2.5,6.5,11126
4,3.5,3.5,4,4,4.5,44459
3.5,3.5,2.5,3.5,3,4.5,44459
4,3,3,3.5,3.5,6.8,26353
4.5,3.5,4,4,4,5.5,48527
4.5,3.5,4,4,4.5,5.5,48527
4,4,3.5,4.5,4,NA,34801
3.5,3.5,4,3.5,3.5,NA,34801
2,2,3,2,NA,6,20112
4,4.5,3.5,4.5,4.5,7.1,38196
4,4,4,4,4.5,NA,23694
4,3.5,2.5,4,4,16,71004
4,3.5,4,4,3.5,13,20169
3,4,4.5,3,3,13,20169
3,3.5,3,3,3.5,13,20169
4.5,4.5,3.5,4.5,4.5,13,20169
3.5,3,3,3.5,3,13,20169
3.5,4,4,3,3.5,13,20169
2.5,3.5,4,3,2.5,13,20169
1.5,1.5,3,2,2,13,20169
4.5,4,4.5,4.5,4.5,13,20169
4,4,3.5,4.5,4,13,20169
4,4,4,4,4,6.6,46964
4,4,3.5,4.5,3.5,6.5,14497
2.5,3,3,3,3,6.5,14497
5,4.5,4.5,4.5,4.5,6.5,14497
4,4,3.5,4,3.5,6.5,14497
3.5,2.5,3,3,4,6.5,14497
4,3,4,4,3.5,6.5,14497
4,3.5,3.5,4,4,6.5,14497
4,4,3.5,4,4.5,6.5,14497
2.5,3.5,3.5,2,2.5,6.5,14497
4,4,4,4,4,6.5,14497
4,4,3.5,3.5,4,6.5,14497
2.5,3,3,2,3.5,6.5,14497
3.5,3,4,3.5,3.5,6.5,14497
2.5,3,2.5,3,2.5,6.7,47781
3,3,3,3,3,6.7,47781
4,3.5,4,4,4,12,69250
3.5,3.5,4,3,3.5,12,69250
4,4,3,3.5,3.5,12,69250
4.5,4,4,4,4.5,12,69250
4,4,3.5,4.5,4.5,12,69250
3.5,3,3.5,3.5,3.5,11.3,29227
4.5,4.5,4,4.5,4.5,10,53795
4,4.5,4,4,4.5,10,53795
4,4,4,4.5,4,10,53795
3.5,4.5,4.5,4,4,10,53795
4,4,4,4,4,10,53795
3.5,4,4,4,4.5,10,53795
4,4,4,4,4,10,53795
3,4.5,4,4,4,10,53795
4.5,4,4,3.5,4,13,57640
4,5,4,4,4.5,13,57640
4.5,4,4,4.5,4.5,13,57640
4,4.5,4,4,4,13,57640
4.5,4.5,4.5,4.5,4.5,13,57640
4,4.5,4,4.5,4.5,13,57640
4,4.5,4,4.5,5,13,57640
4,4.5,4,4.5,4.5,13,57640
4,4.5,4,4.5,4.5,13,57640
4,4,4,4.5,4,13,57640
4,4,4.5,4.5,4.5,12,55900
4.5,4,4.5,4.5,4,12,55900
4,4.5,3.5,4,4.5,12,55900
4,4,4.5,4.5,4,12,55900
3.5,3.5,3.5,3,3.5,NA,40538
4,4,3.5,4,4,4.5,76668
4,4.5,4,4.5,4,7.2,76508
4,4,4,4,4,7.1,65639
3.5,4,4,4,4,8.6,64096
3,3.5,4,3.5,3,8.6,64096
4,3.5,4,3.5,4,8.6,64096
3,3.5,3.5,3.5,3,8.6,64096
4,4.5,4,4,4,8.6,64096
4,4,3.5,4,4,8.6,64096
4,4,4,4,4.5,8.6,64096
3.5,3.5,4,4,3.5,8.6,64096
1.5,2,3.5,3,1,8.6,64096
3.5,3.5,3.5,4,3.5,8.6,64096
3.5,4,3.5,4,3.5,8.6,64096
2.5,4.5,3,3.5,3,8.6,64096
3,4,3,3,3,8.6,64096
4,4.5,3.5,3.5,3,8.6,64096
4.5,4,4,4.5,4,8.6,64096
3.5,4,3.5,4,3.5,8.6,64096
4,5,4,4.5,4.5,8.6,64096
4.5,4,4,4.5,5,8.6,64096
2.5,3,3.5,3,2.5,8.6,54134
3.5,4.5,4,4,3.5,8.6,54134
3.5,4,4,4,4,8.6,54134
5,4.5,4,4.5,4.5,8.6,54134
4,4,4.5,4,4.5,8.6,54134
3,4.5,3,3,3.5,8.6,54134
4.5,4.5,4,4,4.5,8.6,54134
3,5,4,3.5,2.5,8.6,54134
4.5,3.5,4.5,3.5,4,4.5,10649
3,3.5,3.5,3,3,4.5,10649
3,3.5,3.5,4,3,4.5,10649
2.5,2.5,4,2.5,2,4.5,10649
3,3,3,3,3,4.5,10649
1,2,2,2,1,4.5,10649
3.5,3.5,3,4,3.5,4.8,19558
2.5,3,3,2.5,2.5,4.8,19558
4,3.5,3.5,4,4,4.8,19558
4,3.5,3,3.5,3.5,4.8,19558
4,3,3.5,3,4,4.8,19558
4,3,3.5,3,3,4.8,19558
3,3.5,3,3.5,3,4.8,19558
2.5,3,4,4,3.5,4.8,19558
4,2,3.5,3.5,3,4.8,19558
3.5,2.5,3.5,2.5,3,4.8,19558
4,5,4,3.5,4.5,4.8,19558
4.5,4,3.5,4,4,4.8,19558
4.5,4.5,4,4,4.5,4.8,19558
4,4.5,4,4.5,4.5,4.8,19558
4,4,4,3.5,4,4.8,19558
4,3.5,4,3,4,4.8,19558
4.5,4,4,3.5,4,4.8,19558
4,4,3.5,4,4.5,5.8,62441
4.5,4.5,4,4,4,5.8,62441
4,4,2.5,4,4,NA,20008
5,4.5,4.5,4.5,4.5,NA,55375
4,4,4,3.5,4,NA,55375
5,4,4,4.5,4,NA,55375
4,3.5,4,4,3.5,NA,55375
NA,NA,NA,NA,NA,NA,77071
